fips,state,county,start_time,duration,label
4003,Arizona,Cochise,2015-09-06 05:00:00,0.0,0
4003,Arizona,Cochise,2017-03-25 07:00:00,0.0,0
4003,Arizona,Cochise,2018-07-06 09:00:00,0.0,0
4003,Arizona,Cochise,2023-11-23 06:00:00,0.0,0
4003,Arizona,Cochise,2018-09-27 21:00:00,0.0,0
4003,Arizona,Cochise,2018-03-15 16:00:00,0.0,0
4003,Arizona,Cochise,2016-07-13 13:00:00,0.0,0
4003,Arizona,Cochise,2021-02-23 06:00:00,0.0,0
4003,Arizona,Cochise,2020-05-14 16:00:00,0.0,0
4003,Arizona,Cochise,2015-06-15 08:00:00,0.0,0
4005,Arizona,Coconino,2023-04-24 15:00:00,0.0,0
4005,Arizona,Coconino,2023-03-13 19:00:00,0.0,0
4005,Arizona,Coconino,2017-09-01 23:00:00,0.0,0
4005,Arizona,Coconino,2022-07-30 11:00:00,0.0,0
4005,Arizona,Coconino,2021-10-15 18:00:00,0.0,0
4005,Arizona,Coconino,2023-07-22 16:00:00,0.0,0
4005,Arizona,Coconino,2019-03-01 23:00:00,0.0,0
4005,Arizona,Coconino,2020-10-18 14:00:00,0.0,0
4005,Arizona,Coconino,2018-04-30 07:00:00,0.0,0
4005,Arizona,Coconino,2014-11-18 22:00:00,0.0,0
4007,Arizona,Gila,2015-09-06 05:00:00,0.0,0
4007,Arizona,Gila,2022-02-06 01:00:00,0.0,0
4007,Arizona,Gila,2022-05-03 11:00:00,0.0,0
4007,Arizona,Gila,2023-11-23 06:00:00,0.0,0
4007,Arizona,Gila,2018-09-23 19:00:00,0.0,0
4007,Arizona,Gila,2021-04-14 05:00:00,0.0,0
4007,Arizona,Gila,2016-07-13 13:00:00,0.0,0
4007,Arizona,Gila,2018-04-14 11:00:00,0.0,0
4007,Arizona,Gila,2018-11-09 08:00:00,0.0,0
4007,Arizona,Gila,2015-06-15 08:00:00,0.0,0
4013,Arizona,Maricopa,2019-01-08 11:00:00,0.0,0
4013,Arizona,Maricopa,2023-03-08 19:00:00,0.0,0
4013,Arizona,Maricopa,2018-05-18 11:00:00,0.0,0
4013,Arizona,Maricopa,2021-11-29 23:00:00,0.0,0
4013,Arizona,Maricopa,2019-01-08 03:00:00,0.0,0
4013,Arizona,Maricopa,2022-02-02 15:00:00,0.0,0
4013,Arizona,Maricopa,2021-06-15 02:00:00,0.0,0
4013,Arizona,Maricopa,2014-03-03 16:00:00,0.0,0
4013,Arizona,Maricopa,2015-01-10 15:00:00,0.0,0
4013,Arizona,Maricopa,2014-06-04 19:00:00,0.0,0
4015,Arizona,Mohave,2023-04-24 15:00:00,0.0,0
4015,Arizona,Mohave,2023-03-13 19:00:00,0.0,0
4015,Arizona,Mohave,2017-09-01 23:00:00,0.0,0
4015,Arizona,Mohave,2023-10-21 06:00:00,0.0,0
4015,Arizona,Mohave,2022-06-10 17:00:00,0.0,0
4015,Arizona,Mohave,2023-07-22 16:00:00,0.0,0
4015,Arizona,Mohave,2019-03-01 23:00:00,0.0,0
4015,Arizona,Mohave,2020-10-18 15:00:00,0.0,0
4015,Arizona,Mohave,2018-04-30 07:00:00,0.0,0
4015,Arizona,Mohave,2014-11-18 22:00:00,0.0,0
4017,Arizona,Navajo,2021-12-15 10:00:00,0.0,0
4017,Arizona,Navajo,2014-06-24 17:00:00,0.0,0
4017,Arizona,Navajo,2017-08-28 11:00:00,0.0,0
4017,Arizona,Navajo,2016-12-10 21:00:00,0.0,0
4017,Arizona,Navajo,2021-01-24 12:00:00,0.0,0
4017,Arizona,Navajo,2018-11-08 16:00:00,0.0,0
4017,Arizona,Navajo,2016-10-01 16:00:00,0.0,0
4017,Arizona,Navajo,2023-12-10 07:00:00,0.0,0
4017,Arizona,Navajo,2016-03-02 11:00:00,0.0,0
4017,Arizona,Navajo,2023-06-25 23:00:00,0.0,0
4019,Arizona,Pima,2023-10-20 23:00:00,0.0,0
4019,Arizona,Pima,2014-12-21 05:00:00,0.0,0
4019,Arizona,Pima,2022-02-02 10:00:00,0.0,0
4019,Arizona,Pima,2015-08-11 21:00:00,0.0,0
4019,Arizona,Pima,2021-06-26 02:00:00,0.0,0
4019,Arizona,Pima,2021-03-25 12:00:00,0.0,0
4019,Arizona,Pima,2018-10-08 06:00:00,0.0,0
4019,Arizona,Pima,2023-12-28 02:00:00,0.0,0
4019,Arizona,Pima,2016-05-07 06:00:00,0.0,0
4019,Arizona,Pima,2018-01-27 07:00:00,0.0,0
4021,Arizona,Pinal,2015-09-06 05:00:00,0.0,0
4021,Arizona,Pinal,2022-02-06 01:00:00,0.0,0
4021,Arizona,Pinal,2022-05-03 11:00:00,0.0,0
4021,Arizona,Pinal,2023-11-23 06:00:00,0.0,0
4021,Arizona,Pinal,2018-09-23 19:00:00,0.0,0
4021,Arizona,Pinal,2021-04-14 05:00:00,0.0,0
4021,Arizona,Pinal,2016-07-13 13:00:00,0.0,0
4021,Arizona,Pinal,2018-04-14 11:00:00,0.0,0
4021,Arizona,Pinal,2018-11-09 08:00:00,0.0,0
4021,Arizona,Pinal,2015-06-15 08:00:00,0.0,0
4023,Arizona,Santa Cruz,2021-12-15 10:00:00,0.0,0
4023,Arizona,Santa Cruz,2014-06-24 17:00:00,0.0,0
4023,Arizona,Santa Cruz,2017-08-28 11:00:00,0.0,0
4023,Arizona,Santa Cruz,2016-12-10 21:00:00,0.0,0
4023,Arizona,Santa Cruz,2021-01-24 12:00:00,0.0,0
4023,Arizona,Santa Cruz,2018-11-08 16:00:00,0.0,0
4023,Arizona,Santa Cruz,2016-10-01 16:00:00,0.0,0
4023,Arizona,Santa Cruz,2023-12-10 07:00:00,0.0,0
4023,Arizona,Santa Cruz,2016-03-02 11:00:00,0.0,0
4023,Arizona,Santa Cruz,2023-06-25 23:00:00,0.0,0
4025,Arizona,Yavapai,2023-08-09 02:00:00,0.0,0
4025,Arizona,Yavapai,2014-12-21 05:00:00,0.0,0
4025,Arizona,Yavapai,2022-02-02 11:00:00,0.0,0
4025,Arizona,Yavapai,2015-08-11 21:00:00,0.0,0
4025,Arizona,Yavapai,2021-06-26 01:00:00,0.0,0
4025,Arizona,Yavapai,2021-03-25 11:00:00,0.0,0
4025,Arizona,Yavapai,2018-10-08 06:00:00,0.0,0
4025,Arizona,Yavapai,2019-07-05 20:00:00,0.0,0
4025,Arizona,Yavapai,2016-05-07 06:00:00,0.0,0
4025,Arizona,Yavapai,2018-01-27 07:00:00,0.0,0
4027,Arizona,Yuma,2015-09-06 05:00:00,0.0,0
4027,Arizona,Yuma,2022-02-06 01:00:00,0.0,0
4027,Arizona,Yuma,2022-05-03 11:00:00,0.0,0
4027,Arizona,Yuma,2023-11-23 06:00:00,0.0,0
4027,Arizona,Yuma,2018-09-27 20:00:00,0.0,0
4027,Arizona,Yuma,2021-04-14 05:00:00,0.0,0
4027,Arizona,Yuma,2016-07-13 13:00:00,0.0,0
4027,Arizona,Yuma,2018-04-14 11:00:00,0.0,0
4027,Arizona,Yuma,2018-11-13 09:00:00,0.0,0
4027,Arizona,Yuma,2015-06-15 08:00:00,0.0,0
5001,Arkansas,Arkansas,2019-09-23 12:00:00,0.0,0
5001,Arkansas,Arkansas,2017-04-11 06:00:00,0.0,0
5001,Arkansas,Arkansas,2019-02-12 05:00:00,0.0,0
5001,Arkansas,Arkansas,2017-04-17 20:00:00,0.0,0
5001,Arkansas,Arkansas,2018-12-06 16:00:00,0.0,0
5001,Arkansas,Arkansas,2016-08-31 16:00:00,0.0,0
5001,Arkansas,Arkansas,2020-10-07 03:00:00,0.0,0
5001,Arkansas,Arkansas,2017-09-01 06:00:00,0.0,0
5001,Arkansas,Arkansas,2016-10-25 07:00:00,0.0,0
5001,Arkansas,Arkansas,2016-10-23 18:00:00,0.0,0
5003,Arkansas,Ashley,2018-06-03 08:00:00,0.0,0
5003,Arkansas,Ashley,2022-02-13 22:00:00,0.0,0
5003,Arkansas,Ashley,2021-10-03 19:00:00,0.0,0
5003,Arkansas,Ashley,2022-02-16 20:00:00,0.0,0
5003,Arkansas,Ashley,2015-03-17 12:00:00,0.0,0
5003,Arkansas,Ashley,2018-11-19 08:00:00,0.0,0
5003,Arkansas,Ashley,2020-08-12 06:00:00,0.0,0
5003,Arkansas,Ashley,2023-12-29 03:00:00,0.0,0
5003,Arkansas,Ashley,2023-08-28 17:00:00,0.0,0
5003,Arkansas,Ashley,2022-06-26 17:00:00,0.0,0
5005,Arkansas,Baxter,2023-08-09 02:00:00,0.0,0
5005,Arkansas,Baxter,2014-12-21 05:00:00,0.0,0
5005,Arkansas,Baxter,2022-01-29 10:00:00,0.0,0
5005,Arkansas,Baxter,2015-08-11 21:00:00,0.0,0
5005,Arkansas,Baxter,2021-06-22 00:00:00,0.0,0
5005,Arkansas,Baxter,2021-03-21 10:00:00,0.0,0
5005,Arkansas,Baxter,2018-10-04 05:00:00,0.0,0
5005,Arkansas,Baxter,2019-07-01 19:00:00,0.0,0
5005,Arkansas,Baxter,2016-05-07 06:00:00,0.0,0
5005,Arkansas,Baxter,2018-01-27 07:00:00,0.0,0
5007,Arkansas,Benton,2023-09-05 19:00:00,0.0,0
5007,Arkansas,Benton,2020-10-15 08:00:00,0.0,0
5007,Arkansas,Benton,2015-05-13 13:00:00,0.0,0
5007,Arkansas,Benton,2022-10-02 17:00:00,0.0,0
5007,Arkansas,Benton,2019-08-12 13:00:00,0.0,0
5007,Arkansas,Benton,2017-10-22 13:00:00,0.0,0
5007,Arkansas,Benton,2017-11-29 09:00:00,0.0,0
5007,Arkansas,Benton,2018-06-16 23:00:00,0.0,0
5007,Arkansas,Benton,2016-08-25 16:00:00,0.0,0
5007,Arkansas,Benton,2023-08-25 07:00:00,0.0,0
5009,Arkansas,Boone,2020-09-16 18:00:00,0.0,0
5009,Arkansas,Boone,2014-04-03 04:00:00,0.0,0
5009,Arkansas,Boone,2014-04-19 13:00:00,0.0,0
5009,Arkansas,Boone,2022-04-18 02:00:00,0.0,0
5009,Arkansas,Boone,2023-08-09 19:00:00,0.0,0
5009,Arkansas,Boone,2020-09-18 12:00:00,0.0,0
5009,Arkansas,Boone,2023-02-04 10:00:00,0.0,0
5009,Arkansas,Boone,2022-02-11 08:00:00,0.0,0
5009,Arkansas,Boone,2016-07-31 22:00:00,0.0,0
5009,Arkansas,Boone,2014-12-24 11:00:00,0.0,0
5011,Arkansas,Bradley,2023-11-28 16:00:00,0.0,0
5011,Arkansas,Bradley,2021-05-30 03:00:00,0.0,0
5011,Arkansas,Bradley,2017-05-14 00:00:00,0.0,0
5011,Arkansas,Bradley,2021-06-18 05:00:00,0.0,0
5011,Arkansas,Bradley,2015-11-12 19:00:00,0.0,0
5011,Arkansas,Bradley,2016-10-15 14:00:00,0.0,0
5011,Arkansas,Bradley,2014-04-19 13:00:00,0.0,0
5011,Arkansas,Bradley,2023-10-02 06:00:00,0.0,0
5011,Arkansas,Bradley,2020-12-07 23:00:00,0.0,0
5011,Arkansas,Bradley,2016-08-28 17:00:00,0.0,0
5013,Arkansas,Calhoun,2023-04-24 15:00:00,0.0,0
5013,Arkansas,Calhoun,2023-03-13 19:00:00,0.0,0
5013,Arkansas,Calhoun,2017-09-01 23:00:00,0.0,0
5013,Arkansas,Calhoun,2022-07-30 11:00:00,0.0,0
5013,Arkansas,Calhoun,2021-10-15 18:00:00,0.0,0
5013,Arkansas,Calhoun,2023-07-22 16:00:00,0.0,0
5013,Arkansas,Calhoun,2019-03-01 23:00:00,0.0,0
5013,Arkansas,Calhoun,2020-10-18 14:00:00,0.0,0
5013,Arkansas,Calhoun,2018-04-30 07:00:00,0.0,0
5013,Arkansas,Calhoun,2014-11-18 22:00:00,0.0,0
5015,Arkansas,Carroll,2023-08-09 02:00:00,0.0,0
5015,Arkansas,Carroll,2014-12-21 05:00:00,0.0,0
5015,Arkansas,Carroll,2022-02-02 11:00:00,0.0,0
5015,Arkansas,Carroll,2015-08-11 21:00:00,0.0,0
5015,Arkansas,Carroll,2021-06-26 02:00:00,0.0,0
5015,Arkansas,Carroll,2022-06-08 06:00:00,0.0,0
5015,Arkansas,Carroll,2018-10-08 07:00:00,0.0,0
5015,Arkansas,Carroll,2019-07-05 23:00:00,0.0,0
5015,Arkansas,Carroll,2016-05-07 06:00:00,0.0,0
5015,Arkansas,Carroll,2018-01-31 09:00:00,0.0,0
5017,Arkansas,Chicot,2015-11-23 20:00:00,0.0,0
5017,Arkansas,Chicot,2015-11-25 22:00:00,0.0,0
5017,Arkansas,Chicot,2018-11-29 09:00:00,0.0,0
5017,Arkansas,Chicot,2015-09-08 18:00:00,0.0,0
5017,Arkansas,Chicot,2023-10-01 00:00:00,0.0,0
5017,Arkansas,Chicot,2019-01-24 14:00:00,0.0,0
5017,Arkansas,Chicot,2015-08-14 10:00:00,0.0,0
5017,Arkansas,Chicot,2020-11-19 02:00:00,0.0,0
5017,Arkansas,Chicot,2019-09-02 01:00:00,0.0,0
5017,Arkansas,Chicot,2017-05-22 19:00:00,0.0,0
5019,Arkansas,Clark,2015-12-09 15:00:00,0.0,0
5019,Arkansas,Clark,2015-10-06 23:00:00,0.0,0
5019,Arkansas,Clark,2016-03-18 23:00:00,0.0,0
5019,Arkansas,Clark,2018-06-09 02:00:00,0.0,0
5019,Arkansas,Clark,2022-05-05 12:00:00,0.0,0
5019,Arkansas,Clark,2017-10-04 04:00:00,0.0,0
5019,Arkansas,Clark,2015-03-06 12:00:00,0.0,0
5019,Arkansas,Clark,2014-07-14 08:00:00,0.0,0
5019,Arkansas,Clark,2019-06-18 06:00:00,0.0,0
5019,Arkansas,Clark,2018-01-19 00:00:00,0.0,0
5021,Arkansas,Clay,2021-12-15 10:00:00,0.0,0
5021,Arkansas,Clay,2014-06-24 17:00:00,0.0,0
5021,Arkansas,Clay,2017-08-28 11:00:00,0.0,0
5021,Arkansas,Clay,2016-12-10 21:00:00,0.0,0
5021,Arkansas,Clay,2021-01-24 12:00:00,0.0,0
5021,Arkansas,Clay,2018-11-08 16:00:00,0.0,0
5021,Arkansas,Clay,2016-10-01 16:00:00,0.0,0
5021,Arkansas,Clay,2023-12-10 07:00:00,0.0,0
5021,Arkansas,Clay,2016-03-02 11:00:00,0.0,0
5021,Arkansas,Clay,2023-06-25 23:00:00,0.0,0
5023,Arkansas,Cleburne,2016-03-25 07:00:00,0.0,0
5023,Arkansas,Cleburne,2019-06-11 03:00:00,0.0,0
5023,Arkansas,Cleburne,2020-02-03 14:00:00,0.0,0
5023,Arkansas,Cleburne,2014-10-28 01:00:00,0.0,0
5023,Arkansas,Cleburne,2022-10-20 09:00:00,0.0,0
5023,Arkansas,Cleburne,2015-05-06 18:00:00,0.0,0
5023,Arkansas,Cleburne,2022-08-22 15:00:00,0.0,0
5023,Arkansas,Cleburne,2014-02-02 14:00:00,0.0,0
5023,Arkansas,Cleburne,2014-03-23 22:00:00,0.0,0
5023,Arkansas,Cleburne,2019-01-03 21:00:00,0.0,0
5025,Arkansas,Cleveland,2019-09-02 15:00:00,0.0,0
5025,Arkansas,Cleveland,2016-08-06 20:00:00,0.0,0
5025,Arkansas,Cleveland,2018-02-07 04:00:00,0.0,0
5025,Arkansas,Cleveland,2023-02-03 09:00:00,0.0,0
5025,Arkansas,Cleveland,2021-04-20 22:00:00,0.0,0
5025,Arkansas,Cleveland,2018-04-24 21:00:00,0.0,0
5025,Arkansas,Cleveland,2014-03-14 19:00:00,0.0,0
5025,Arkansas,Cleveland,2019-09-28 10:00:00,0.0,0
5025,Arkansas,Cleveland,2016-01-16 21:00:00,0.0,0
5025,Arkansas,Cleveland,2016-05-27 08:00:00,0.0,0
5027,Arkansas,Columbia,2022-07-18 07:00:00,0.0,0
5027,Arkansas,Columbia,2020-04-23 10:00:00,0.0,0
5027,Arkansas,Columbia,2020-11-02 04:00:00,0.0,0
5027,Arkansas,Columbia,2016-05-27 08:00:00,0.0,0
5027,Arkansas,Columbia,2020-10-15 01:00:00,0.0,0
5027,Arkansas,Columbia,2017-02-26 22:00:00,0.0,0
5027,Arkansas,Columbia,2015-08-25 17:00:00,0.0,0
5027,Arkansas,Columbia,2023-11-23 13:00:00,0.0,0
5027,Arkansas,Columbia,2017-05-06 09:00:00,0.0,0
5027,Arkansas,Columbia,2017-11-21 22:00:00,0.0,0
5029,Arkansas,Conway,2020-02-28 13:00:00,0.0,0
5029,Arkansas,Conway,2016-01-17 07:00:00,0.0,0
5029,Arkansas,Conway,2016-11-28 12:00:00,0.0,0
5029,Arkansas,Conway,2015-06-05 06:00:00,0.0,0
5029,Arkansas,Conway,2021-11-26 18:00:00,0.0,0
5029,Arkansas,Conway,2020-12-28 17:00:00,0.0,0
5029,Arkansas,Conway,2019-02-22 08:00:00,0.0,0
5029,Arkansas,Conway,2022-10-14 14:00:00,0.0,0
5029,Arkansas,Conway,2017-08-23 15:00:00,0.0,0
5029,Arkansas,Conway,2015-08-10 22:00:00,0.0,0
5031,Arkansas,Craighead,2015-09-06 05:00:00,0.0,0
5031,Arkansas,Craighead,2022-02-06 01:00:00,0.0,0
5031,Arkansas,Craighead,2022-05-03 11:00:00,0.0,0
5031,Arkansas,Craighead,2023-11-23 06:00:00,0.0,0
5031,Arkansas,Craighead,2018-09-27 20:00:00,0.0,0
5031,Arkansas,Craighead,2021-04-14 05:00:00,0.0,0
5031,Arkansas,Craighead,2016-07-13 13:00:00,0.0,0
5031,Arkansas,Craighead,2018-04-18 12:00:00,0.0,0
5031,Arkansas,Craighead,2018-11-13 09:00:00,0.0,0
5031,Arkansas,Craighead,2015-06-15 08:00:00,0.0,0
5033,Arkansas,Crawford,2018-08-28 08:00:00,0.0,0
5033,Arkansas,Crawford,2018-04-25 16:00:00,0.0,0
5033,Arkansas,Crawford,2020-05-03 07:00:00,0.0,0
5033,Arkansas,Crawford,2017-06-03 00:00:00,0.0,0
5033,Arkansas,Crawford,2023-06-20 18:00:00,0.0,0
5033,Arkansas,Crawford,2014-03-19 18:00:00,0.0,0
5033,Arkansas,Crawford,2020-05-08 17:00:00,0.0,0
5033,Arkansas,Crawford,2020-07-02 08:00:00,0.0,0
5033,Arkansas,Crawford,2014-02-11 19:00:00,0.0,0
5033,Arkansas,Crawford,2021-11-02 11:00:00,0.0,0
5035,Arkansas,Crittenden,2021-04-15 21:00:00,0.0,0
5035,Arkansas,Crittenden,2014-10-01 02:00:00,0.0,0
5035,Arkansas,Crittenden,2016-11-07 10:00:00,0.0,0
5035,Arkansas,Crittenden,2020-10-02 12:00:00,0.0,0
5035,Arkansas,Crittenden,2022-12-24 19:00:00,0.0,0
5035,Arkansas,Crittenden,2019-02-24 01:00:00,0.0,0
5035,Arkansas,Crittenden,2016-09-21 00:00:00,0.0,0
5035,Arkansas,Crittenden,2019-09-29 19:00:00,0.0,0
5035,Arkansas,Crittenden,2016-09-01 13:00:00,0.0,0
5035,Arkansas,Crittenden,2018-08-28 22:00:00,0.0,0
5037,Arkansas,Cross,2014-09-09 15:00:00,0.0,0
5037,Arkansas,Cross,2017-07-17 10:00:00,0.0,0
5037,Arkansas,Cross,2017-05-01 11:00:00,0.0,0
5037,Arkansas,Cross,2020-01-31 23:00:00,0.0,0
5037,Arkansas,Cross,2022-06-20 21:00:00,0.0,0
5037,Arkansas,Cross,2021-12-06 01:00:00,0.0,0
5037,Arkansas,Cross,2020-12-30 15:00:00,0.0,0
5037,Arkansas,Cross,2022-06-05 07:00:00,0.0,0
5037,Arkansas,Cross,2019-06-26 08:00:00,0.0,0
5037,Arkansas,Cross,2015-03-19 10:00:00,0.0,0
5039,Arkansas,Dallas,2021-04-21 07:00:00,0.0,0
5039,Arkansas,Dallas,2014-10-01 02:00:00,0.0,0
5039,Arkansas,Dallas,2016-11-13 23:00:00,0.0,0
5039,Arkansas,Dallas,2020-10-12 02:00:00,0.0,0
5039,Arkansas,Dallas,2022-12-29 04:00:00,0.0,0
5039,Arkansas,Dallas,2019-03-02 01:00:00,0.0,0
5039,Arkansas,Dallas,2016-09-27 13:00:00,0.0,0
5039,Arkansas,Dallas,2019-10-05 07:00:00,0.0,0
5039,Arkansas,Dallas,2016-09-08 02:00:00,0.0,0
5039,Arkansas,Dallas,2018-09-03 22:00:00,0.0,0
5041,Arkansas,Desha,2015-09-06 05:00:00,0.0,0
5041,Arkansas,Desha,2017-03-25 07:00:00,0.0,0
5041,Arkansas,Desha,2018-07-06 09:00:00,0.0,0
5041,Arkansas,Desha,2023-11-23 06:00:00,0.0,0
5041,Arkansas,Desha,2018-09-23 18:00:00,0.0,0
5041,Arkansas,Desha,2018-03-15 16:00:00,0.0,0
5041,Arkansas,Desha,2016-07-13 13:00:00,0.0,0
5041,Arkansas,Desha,2021-02-23 06:00:00,0.0,0
5041,Arkansas,Desha,2020-05-10 13:00:00,0.0,0
5041,Arkansas,Desha,2015-06-15 08:00:00,0.0,0
5043,Arkansas,Drew,2021-06-23 18:00:00,0.0,0
5043,Arkansas,Drew,2015-11-09 21:00:00,0.0,0
5043,Arkansas,Drew,2019-07-22 08:00:00,0.0,0
5043,Arkansas,Drew,2015-01-19 14:00:00,0.0,0
5043,Arkansas,Drew,2019-01-14 21:00:00,0.0,0
5043,Arkansas,Drew,2018-07-21 10:00:00,0.0,0
5043,Arkansas,Drew,2014-11-16 06:00:00,0.0,0
5043,Arkansas,Drew,2015-10-04 10:00:00,0.0,0
5043,Arkansas,Drew,2021-05-20 16:00:00,0.0,0
5043,Arkansas,Drew,2021-11-09 01:00:00,0.0,0
5045,Arkansas,Faulkner,2020-11-25 08:00:00,0.0,0
5045,Arkansas,Faulkner,2017-03-05 03:00:00,0.0,0
5045,Arkansas,Faulkner,2017-10-31 08:00:00,0.0,0
5045,Arkansas,Faulkner,2021-05-19 08:00:00,0.0,0
5045,Arkansas,Faulkner,2019-12-14 23:00:00,0.0,0
5045,Arkansas,Faulkner,2018-03-10 01:00:00,0.0,0
5045,Arkansas,Faulkner,2016-03-24 16:00:00,0.0,0
5045,Arkansas,Faulkner,2022-12-29 15:00:00,0.0,0
5045,Arkansas,Faulkner,2014-02-02 14:00:00,0.0,0
5045,Arkansas,Faulkner,2018-11-15 22:00:00,0.0,0
5047,Arkansas,Franklin,2015-09-06 05:00:00,0.0,0
5047,Arkansas,Franklin,2017-03-25 07:00:00,0.0,0
5047,Arkansas,Franklin,2018-07-06 09:00:00,0.0,0
5047,Arkansas,Franklin,2023-11-23 06:00:00,0.0,0
5047,Arkansas,Franklin,2018-09-23 18:00:00,0.0,0
5047,Arkansas,Franklin,2018-03-15 16:00:00,0.0,0
5047,Arkansas,Franklin,2016-07-13 13:00:00,0.0,0
5047,Arkansas,Franklin,2021-02-23 06:00:00,0.0,0
5047,Arkansas,Franklin,2020-05-10 13:00:00,0.0,0
5047,Arkansas,Franklin,2015-06-15 08:00:00,0.0,0
5049,Arkansas,Fulton,2021-12-15 10:00:00,0.0,0
5049,Arkansas,Fulton,2014-06-24 17:00:00,0.0,0
5049,Arkansas,Fulton,2017-08-28 11:00:00,0.0,0
5049,Arkansas,Fulton,2016-12-10 21:00:00,0.0,0
5049,Arkansas,Fulton,2021-01-24 12:00:00,0.0,0
5049,Arkansas,Fulton,2018-11-08 16:00:00,0.0,0
5049,Arkansas,Fulton,2016-10-01 16:00:00,0.0,0
5049,Arkansas,Fulton,2023-12-10 07:00:00,0.0,0
5049,Arkansas,Fulton,2016-03-02 11:00:00,0.0,0
5049,Arkansas,Fulton,2023-06-25 23:00:00,0.0,0
5051,Arkansas,Garland,2018-05-23 06:00:00,0.0,0
5051,Arkansas,Garland,2023-04-20 10:00:00,0.0,0
5051,Arkansas,Garland,2023-02-12 10:00:00,0.0,0
5051,Arkansas,Garland,2019-04-18 23:00:00,0.0,0
5051,Arkansas,Garland,2021-02-28 13:00:00,0.0,0
5051,Arkansas,Garland,2014-08-02 06:00:00,0.0,0
5051,Arkansas,Garland,2019-12-24 23:00:00,0.0,0
5051,Arkansas,Garland,2016-05-09 13:00:00,0.0,0
5051,Arkansas,Garland,2017-08-29 23:00:00,0.0,0
5051,Arkansas,Garland,2014-12-31 12:00:00,0.0,0
5053,Arkansas,Grant,2017-04-12 01:00:00,0.0,0
5053,Arkansas,Grant,2016-10-16 17:00:00,0.0,0
5053,Arkansas,Grant,2021-02-03 15:00:00,0.0,0
5053,Arkansas,Grant,2014-12-21 22:00:00,0.0,0
5053,Arkansas,Grant,2019-10-30 02:00:00,0.0,0
5053,Arkansas,Grant,2020-06-27 23:00:00,0.0,0
5053,Arkansas,Grant,2015-04-21 09:00:00,0.0,0
5053,Arkansas,Grant,2014-07-29 10:00:00,0.0,0
5053,Arkansas,Grant,2016-10-31 22:00:00,0.0,0
5053,Arkansas,Grant,2022-04-13 00:00:00,0.0,0
5055,Arkansas,Greene,2016-02-25 08:00:00,0.0,0
5055,Arkansas,Greene,2018-03-16 16:00:00,0.0,0
5055,Arkansas,Greene,2017-07-24 23:00:00,0.0,0
5055,Arkansas,Greene,2017-02-10 05:00:00,0.0,0
5055,Arkansas,Greene,2019-10-20 23:00:00,0.0,0
5055,Arkansas,Greene,2023-03-04 03:00:00,0.0,0
5055,Arkansas,Greene,2018-08-11 22:00:00,0.0,0
5055,Arkansas,Greene,2016-10-25 07:00:00,0.0,0
5055,Arkansas,Greene,2022-12-26 22:00:00,0.0,0
5055,Arkansas,Greene,2017-10-14 02:00:00,0.0,0
5057,Arkansas,Hempstead,2022-07-16 00:00:00,0.0,0
5057,Arkansas,Hempstead,2019-02-14 20:00:00,0.0,0
5057,Arkansas,Hempstead,2022-11-25 07:00:00,0.0,0
5057,Arkansas,Hempstead,2018-01-09 19:00:00,0.0,0
5057,Arkansas,Hempstead,2016-02-24 04:00:00,0.0,0
5057,Arkansas,Hempstead,2017-09-29 23:00:00,0.0,0
5057,Arkansas,Hempstead,2023-10-08 18:00:00,0.0,0
5057,Arkansas,Hempstead,2015-10-10 00:00:00,0.0,0
5057,Arkansas,Hempstead,2015-12-02 08:00:00,0.0,0
5057,Arkansas,Hempstead,2016-07-06 15:00:00,0.0,0
5059,Arkansas,Hot Spring,2022-02-24 18:00:00,0.0,0
5059,Arkansas,Hot Spring,2022-12-10 06:00:00,0.0,0
5059,Arkansas,Hot Spring,2018-02-27 12:00:00,0.0,0
5059,Arkansas,Hot Spring,2020-01-13 19:00:00,0.0,0
5059,Arkansas,Hot Spring,2017-09-19 05:00:00,0.0,0
5059,Arkansas,Hot Spring,2015-06-03 18:00:00,0.0,0
5059,Arkansas,Hot Spring,2016-10-19 22:00:00,0.0,0
5059,Arkansas,Hot Spring,2017-01-09 18:00:00,0.0,0
5059,Arkansas,Hot Spring,2019-01-16 17:00:00,0.0,0
5059,Arkansas,Hot Spring,2014-10-02 22:00:00,0.0,0
5061,Arkansas,Howard,2021-12-15 10:00:00,0.0,0
5061,Arkansas,Howard,2014-06-24 17:00:00,0.0,0
5061,Arkansas,Howard,2017-08-28 11:00:00,0.0,0
5061,Arkansas,Howard,2016-12-10 21:00:00,0.0,0
5061,Arkansas,Howard,2021-01-24 12:00:00,0.0,0
5061,Arkansas,Howard,2018-11-08 16:00:00,0.0,0
5061,Arkansas,Howard,2016-10-01 16:00:00,0.0,0
5061,Arkansas,Howard,2023-12-10 07:00:00,0.0,0
5061,Arkansas,Howard,2016-03-02 11:00:00,0.0,0
5061,Arkansas,Howard,2023-06-25 23:00:00,0.0,0
5063,Arkansas,Independence,2023-11-12 22:00:00,0.0,0
5063,Arkansas,Independence,2021-07-28 16:00:00,0.0,0
5063,Arkansas,Independence,2022-03-21 17:00:00,0.0,0
5063,Arkansas,Independence,2016-04-23 20:00:00,0.0,0
5063,Arkansas,Independence,2022-10-22 20:00:00,0.0,0
5063,Arkansas,Independence,2022-04-24 09:00:00,0.0,0
5063,Arkansas,Independence,2019-08-13 21:00:00,0.0,0
5063,Arkansas,Independence,2015-01-12 02:00:00,0.0,0
5063,Arkansas,Independence,2018-08-24 07:00:00,0.0,0
5063,Arkansas,Independence,2018-11-13 15:00:00,0.0,0
5065,Arkansas,Izard,2019-09-15 06:00:00,0.0,0
5065,Arkansas,Izard,2017-04-07 05:00:00,0.0,0
5065,Arkansas,Izard,2019-02-03 23:00:00,0.0,0
5065,Arkansas,Izard,2017-04-13 19:00:00,0.0,0
5065,Arkansas,Izard,2018-11-28 10:00:00,0.0,0
5065,Arkansas,Izard,2016-08-27 15:00:00,0.0,0
5065,Arkansas,Izard,2020-10-02 22:00:00,0.0,0
5065,Arkansas,Izard,2017-08-28 05:00:00,0.0,0
5065,Arkansas,Izard,2016-10-21 06:00:00,0.0,0
5065,Arkansas,Izard,2016-10-19 17:00:00,0.0,0
5067,Arkansas,Jackson,2014-04-06 10:00:00,0.0,0
5067,Arkansas,Jackson,2014-12-09 17:00:00,0.0,0
5067,Arkansas,Jackson,2016-06-04 14:00:00,0.0,0
5067,Arkansas,Jackson,2022-07-09 10:00:00,0.0,0
5067,Arkansas,Jackson,2019-11-25 03:00:00,0.0,0
5067,Arkansas,Jackson,2019-02-13 03:00:00,0.0,0
5067,Arkansas,Jackson,2022-05-21 02:00:00,0.0,0
5067,Arkansas,Jackson,2020-02-01 22:00:00,0.0,0
5067,Arkansas,Jackson,2023-02-02 03:00:00,0.0,0
5067,Arkansas,Jackson,2019-09-25 17:00:00,0.0,0
5069,Arkansas,Jefferson,2020-09-04 15:00:00,0.0,0
5069,Arkansas,Jefferson,2017-03-10 08:00:00,0.0,0
5069,Arkansas,Jefferson,2023-09-27 01:00:00,0.0,0
5069,Arkansas,Jefferson,2014-01-16 13:00:00,0.0,0
5069,Arkansas,Jefferson,2016-07-02 23:00:00,0.0,0
5069,Arkansas,Jefferson,2019-03-02 01:00:00,0.0,0
5069,Arkansas,Jefferson,2021-03-28 01:00:00,0.0,0
5069,Arkansas,Jefferson,2023-08-13 02:00:00,0.0,0
5069,Arkansas,Jefferson,2021-01-12 18:00:00,0.0,0
5069,Arkansas,Jefferson,2023-05-24 00:00:00,0.0,0
5071,Arkansas,Johnson,2018-05-30 14:00:00,0.0,0
5071,Arkansas,Johnson,2019-01-26 13:00:00,0.0,0
5071,Arkansas,Johnson,2023-03-11 22:00:00,0.0,0
5071,Arkansas,Johnson,2014-02-09 21:00:00,0.0,0
5071,Arkansas,Johnson,2016-01-25 16:00:00,0.0,0
5071,Arkansas,Johnson,2019-09-14 05:00:00,0.0,0
5071,Arkansas,Johnson,2015-11-29 02:00:00,0.0,0
5071,Arkansas,Johnson,2020-03-11 07:00:00,0.0,0
5071,Arkansas,Johnson,2016-05-22 13:00:00,0.0,0
5071,Arkansas,Johnson,2018-05-07 15:00:00,0.0,0
5073,Arkansas,Lafayette,2023-04-24 15:00:00,0.0,0
5073,Arkansas,Lafayette,2023-03-13 19:00:00,0.0,0
5073,Arkansas,Lafayette,2017-09-01 23:00:00,0.0,0
5073,Arkansas,Lafayette,2023-10-21 06:00:00,0.0,0
5073,Arkansas,Lafayette,2022-06-10 17:00:00,0.0,0
5073,Arkansas,Lafayette,2023-07-22 16:00:00,0.0,0
5073,Arkansas,Lafayette,2019-03-01 23:00:00,0.0,0
5073,Arkansas,Lafayette,2020-10-14 10:00:00,0.0,0
5073,Arkansas,Lafayette,2018-04-30 07:00:00,0.0,0
5073,Arkansas,Lafayette,2014-11-18 22:00:00,0.0,0
5075,Arkansas,Lawrence,2015-09-06 05:00:00,0.0,0
5075,Arkansas,Lawrence,2017-03-25 07:00:00,0.0,0
5075,Arkansas,Lawrence,2018-07-06 09:00:00,0.0,0
5075,Arkansas,Lawrence,2023-11-23 06:00:00,0.0,0
5075,Arkansas,Lawrence,2018-09-23 18:00:00,0.0,0
5075,Arkansas,Lawrence,2018-03-15 16:00:00,0.0,0
5075,Arkansas,Lawrence,2016-07-13 13:00:00,0.0,0
5075,Arkansas,Lawrence,2021-02-23 06:00:00,0.0,0
5075,Arkansas,Lawrence,2020-05-14 15:00:00,0.0,0
5075,Arkansas,Lawrence,2015-06-15 08:00:00,0.0,0
5077,Arkansas,Lee,2023-02-13 12:00:00,0.0,0
5077,Arkansas,Lee,2020-06-26 12:00:00,0.0,0
5077,Arkansas,Lee,2017-08-08 10:00:00,0.0,0
5077,Arkansas,Lee,2015-08-09 02:00:00,0.0,0
5077,Arkansas,Lee,2014-08-25 19:00:00,0.0,0
5077,Arkansas,Lee,2021-11-04 10:00:00,0.0,0
5077,Arkansas,Lee,2014-03-17 15:00:00,0.0,0
5077,Arkansas,Lee,2016-02-13 20:00:00,0.0,0
5077,Arkansas,Lee,2019-04-18 05:00:00,0.0,0
5077,Arkansas,Lee,2018-08-05 07:00:00,0.0,0
5079,Arkansas,Lincoln,2015-09-06 05:00:00,0.0,0
5079,Arkansas,Lincoln,2017-03-25 07:00:00,0.0,0
5079,Arkansas,Lincoln,2018-07-06 09:00:00,0.0,0
5079,Arkansas,Lincoln,2023-11-23 06:00:00,0.0,0
5079,Arkansas,Lincoln,2018-09-23 18:00:00,0.0,0
5079,Arkansas,Lincoln,2018-03-15 16:00:00,0.0,0
5079,Arkansas,Lincoln,2016-07-13 13:00:00,0.0,0
5079,Arkansas,Lincoln,2021-02-19 03:00:00,0.0,0
5079,Arkansas,Lincoln,2020-05-10 13:00:00,0.0,0
5079,Arkansas,Lincoln,2015-06-15 08:00:00,0.0,0
5081,Arkansas,Little River,2023-08-09 02:00:00,0.0,0
5081,Arkansas,Little River,2014-12-21 05:00:00,0.0,0
5081,Arkansas,Little River,2022-02-02 11:00:00,0.0,0
5081,Arkansas,Little River,2015-08-11 21:00:00,0.0,0
5081,Arkansas,Little River,2021-06-26 01:00:00,0.0,0
5081,Arkansas,Little River,2021-03-25 11:00:00,0.0,0
5081,Arkansas,Little River,2018-10-08 07:00:00,0.0,0
5081,Arkansas,Little River,2019-07-10 00:00:00,0.0,0
5081,Arkansas,Little River,2016-05-07 06:00:00,0.0,0
5081,Arkansas,Little River,2018-01-31 09:00:00,0.0,0
5083,Arkansas,Logan,2016-08-04 14:00:00,0.0,0
5083,Arkansas,Logan,2014-04-03 04:00:00,0.0,0
5083,Arkansas,Logan,2014-04-19 13:00:00,0.0,0
5083,Arkansas,Logan,2017-09-11 13:00:00,0.0,0
5083,Arkansas,Logan,2022-02-02 04:00:00,0.0,0
5083,Arkansas,Logan,2019-12-17 15:00:00,0.0,0
5083,Arkansas,Logan,2022-08-29 02:00:00,0.0,0
5083,Arkansas,Logan,2022-05-07 20:00:00,0.0,0
5083,Arkansas,Logan,2022-08-23 17:00:00,0.0,0
5083,Arkansas,Logan,2015-08-15 08:00:00,0.0,0
5085,Arkansas,Lonoke,2020-05-16 00:00:00,0.0,0
5085,Arkansas,Lonoke,2021-08-24 07:00:00,0.0,0
5085,Arkansas,Lonoke,2017-03-08 19:00:00,0.0,0
5085,Arkansas,Lonoke,2022-09-03 08:00:00,0.0,0
5085,Arkansas,Lonoke,2016-09-08 14:00:00,0.0,0
5085,Arkansas,Lonoke,2023-03-01 22:00:00,0.0,0
5085,Arkansas,Lonoke,2019-02-12 17:00:00,0.0,0
5085,Arkansas,Lonoke,2014-03-14 19:00:00,0.0,0
5085,Arkansas,Lonoke,2015-05-27 10:00:00,0.0,0
5085,Arkansas,Lonoke,2023-03-07 07:00:00,0.0,0
5087,Arkansas,Madison,2016-07-06 09:00:00,0.0,0
5087,Arkansas,Madison,2016-03-04 09:00:00,0.0,0
5087,Arkansas,Madison,2019-11-08 07:00:00,0.0,0
5087,Arkansas,Madison,2021-06-12 22:00:00,0.0,0
5087,Arkansas,Madison,2019-06-26 08:00:00,0.0,0
5087,Arkansas,Madison,2019-03-24 09:00:00,0.0,0
5087,Arkansas,Madison,2020-07-11 02:00:00,0.0,0
5087,Arkansas,Madison,2016-04-04 15:00:00,0.0,0
5087,Arkansas,Madison,2021-11-23 00:00:00,0.0,0
5087,Arkansas,Madison,2017-02-24 11:00:00,0.0,0
5089,Arkansas,Marion,2019-09-23 14:00:00,0.0,0
5089,Arkansas,Marion,2017-04-07 05:00:00,0.0,0
5089,Arkansas,Marion,2019-02-08 01:00:00,0.0,0
5089,Arkansas,Marion,2017-04-13 19:00:00,0.0,0
5089,Arkansas,Marion,2018-12-02 12:00:00,0.0,0
5089,Arkansas,Marion,2016-08-27 15:00:00,0.0,0
5089,Arkansas,Marion,2020-10-07 05:00:00,0.0,0
5089,Arkansas,Marion,2017-09-01 07:00:00,0.0,0
5089,Arkansas,Marion,2016-10-21 06:00:00,0.0,0
5089,Arkansas,Marion,2016-10-19 17:00:00,0.0,0
5091,Arkansas,Miller,2022-11-01 18:00:00,0.0,0
5091,Arkansas,Miller,2023-12-09 06:00:00,0.0,0
5091,Arkansas,Miller,2022-02-04 06:00:00,0.0,0
5091,Arkansas,Miller,2015-05-19 06:00:00,0.0,0
5091,Arkansas,Miller,2015-08-11 16:00:00,0.0,0
5091,Arkansas,Miller,2017-05-20 18:00:00,0.0,0
5091,Arkansas,Miller,2019-03-09 15:00:00,0.0,0
5091,Arkansas,Miller,2017-07-23 18:00:00,0.0,0
5091,Arkansas,Miller,2015-10-11 07:00:00,0.0,0
5091,Arkansas,Miller,2019-01-26 12:00:00,0.0,0
5093,Arkansas,Mississippi,2019-03-01 09:00:00,0.0,0
5093,Arkansas,Mississippi,2017-05-13 21:00:00,0.0,0
5093,Arkansas,Mississippi,2014-09-24 15:00:00,0.0,0
5093,Arkansas,Mississippi,2017-12-02 00:00:00,0.0,0
5093,Arkansas,Mississippi,2019-01-04 06:00:00,0.0,0
5093,Arkansas,Mississippi,2022-11-20 14:00:00,0.0,0
5093,Arkansas,Mississippi,2022-09-13 07:00:00,0.0,0
5093,Arkansas,Mississippi,2020-05-18 13:00:00,0.0,0
5093,Arkansas,Mississippi,2018-08-28 13:00:00,0.0,0
5093,Arkansas,Mississippi,2016-10-16 04:00:00,0.0,0
5095,Arkansas,Monroe,2016-07-06 09:00:00,0.0,0
5095,Arkansas,Monroe,2016-03-04 09:00:00,0.0,0
5095,Arkansas,Monroe,2019-11-08 09:00:00,0.0,0
5095,Arkansas,Monroe,2020-09-05 07:00:00,0.0,0
5095,Arkansas,Monroe,2019-08-18 22:00:00,0.0,0
5095,Arkansas,Monroe,2019-03-24 11:00:00,0.0,0
5095,Arkansas,Monroe,2023-12-01 16:00:00,0.0,0
5095,Arkansas,Monroe,2016-04-04 15:00:00,0.0,0
5095,Arkansas,Monroe,2021-08-21 19:00:00,0.0,0
5095,Arkansas,Monroe,2017-02-24 11:00:00,0.0,0
5097,Arkansas,Montgomery,2014-08-29 11:00:00,0.0,0
5097,Arkansas,Montgomery,2023-08-07 10:00:00,0.0,0
5097,Arkansas,Montgomery,2015-10-04 04:00:00,0.0,0
5097,Arkansas,Montgomery,2022-12-07 18:00:00,0.0,0
5097,Arkansas,Montgomery,2014-09-15 20:00:00,0.0,0
5097,Arkansas,Montgomery,2017-05-02 08:00:00,0.0,0
5097,Arkansas,Montgomery,2023-03-02 05:00:00,0.0,0
5097,Arkansas,Montgomery,2016-12-01 05:00:00,0.0,0
5097,Arkansas,Montgomery,2018-09-02 12:00:00,0.0,0
5097,Arkansas,Montgomery,2018-04-27 23:00:00,0.0,0
5099,Arkansas,Nevada,2022-06-11 20:00:00,0.0,0
5099,Arkansas,Nevada,2021-12-21 18:00:00,0.0,0
5099,Arkansas,Nevada,2017-08-05 10:00:00,0.0,0
5099,Arkansas,Nevada,2017-04-19 15:00:00,0.0,0
5099,Arkansas,Nevada,2015-01-17 06:00:00,0.0,0
5099,Arkansas,Nevada,2015-06-04 08:00:00,0.0,0
5099,Arkansas,Nevada,2020-04-01 02:00:00,0.0,0
5099,Arkansas,Nevada,2015-08-23 02:00:00,0.0,0
5099,Arkansas,Nevada,2022-04-26 20:00:00,0.0,0
5099,Arkansas,Nevada,2015-10-08 23:00:00,0.0,0
5101,Arkansas,Newton,2015-06-07 19:00:00,0.0,0
5101,Arkansas,Newton,2020-03-21 08:00:00,0.0,0
5101,Arkansas,Newton,2020-05-17 08:00:00,0.0,0
5101,Arkansas,Newton,2014-02-18 00:00:00,0.0,0
5101,Arkansas,Newton,2020-09-14 03:00:00,0.0,0
5101,Arkansas,Newton,2021-09-17 15:00:00,0.0,0
5101,Arkansas,Newton,2014-07-07 04:00:00,0.0,0
5101,Arkansas,Newton,2022-01-04 23:00:00,0.0,0
5101,Arkansas,Newton,2023-11-15 20:00:00,0.0,0
5101,Arkansas,Newton,2020-05-18 19:00:00,0.0,0
5103,Arkansas,Ouachita,2019-05-26 07:00:00,0.0,0
5103,Arkansas,Ouachita,2022-08-27 10:00:00,0.0,0
5103,Arkansas,Ouachita,2023-03-19 17:00:00,0.0,0
5103,Arkansas,Ouachita,2018-08-12 15:00:00,0.0,0
5103,Arkansas,Ouachita,2017-01-17 19:00:00,0.0,0
5103,Arkansas,Ouachita,2023-02-27 13:00:00,0.0,0
5103,Arkansas,Ouachita,2015-10-17 18:00:00,0.0,0
5103,Arkansas,Ouachita,2018-03-30 03:00:00,0.0,0
5103,Arkansas,Ouachita,2023-02-27 04:00:00,0.0,0
5103,Arkansas,Ouachita,2022-09-14 17:00:00,0.0,0
5105,Arkansas,Perry,2021-12-15 10:00:00,0.0,0
5105,Arkansas,Perry,2014-06-24 17:00:00,0.0,0
5105,Arkansas,Perry,2017-08-28 11:00:00,0.0,0
5105,Arkansas,Perry,2016-12-10 21:00:00,0.0,0
5105,Arkansas,Perry,2021-01-24 12:00:00,0.0,0
5105,Arkansas,Perry,2018-11-08 16:00:00,0.0,0
5105,Arkansas,Perry,2016-10-01 16:00:00,0.0,0
5105,Arkansas,Perry,2023-12-10 07:00:00,0.0,0
5105,Arkansas,Perry,2016-03-02 11:00:00,0.0,0
5105,Arkansas,Perry,2023-06-25 23:00:00,0.0,0
5107,Arkansas,Phillips,2018-11-06 21:00:00,0.0,0
5107,Arkansas,Phillips,2023-07-26 01:00:00,0.0,0
5107,Arkansas,Phillips,2019-02-12 03:00:00,0.0,0
5107,Arkansas,Phillips,2018-03-22 05:00:00,0.0,0
5107,Arkansas,Phillips,2019-03-28 05:00:00,0.0,0
5107,Arkansas,Phillips,2017-07-11 18:00:00,0.0,0
5107,Arkansas,Phillips,2015-10-18 06:00:00,0.0,0
5107,Arkansas,Phillips,2021-03-23 23:00:00,0.0,0
5107,Arkansas,Phillips,2017-01-08 16:00:00,0.0,0
5107,Arkansas,Phillips,2018-12-07 09:00:00,0.0,0
5109,Arkansas,Pike,2022-07-24 20:00:00,0.0,0
5109,Arkansas,Pike,2018-11-23 01:00:00,0.0,0
5109,Arkansas,Pike,2023-07-28 23:00:00,0.0,0
5109,Arkansas,Pike,2016-09-28 17:00:00,0.0,0
5109,Arkansas,Pike,2023-12-15 17:00:00,0.0,0
5109,Arkansas,Pike,2017-09-26 15:00:00,0.0,0
5109,Arkansas,Pike,2014-04-05 03:00:00,0.0,0
5109,Arkansas,Pike,2022-04-20 15:00:00,0.0,0
5109,Arkansas,Pike,2015-03-02 16:00:00,0.0,0
5109,Arkansas,Pike,2019-11-27 01:00:00,0.0,0
5111,Arkansas,Poinsett,2022-01-30 22:00:00,0.0,0
5111,Arkansas,Poinsett,2018-04-01 06:00:00,0.0,0
5111,Arkansas,Poinsett,2016-01-09 03:00:00,0.0,0
5111,Arkansas,Poinsett,2018-07-25 17:00:00,0.0,0
5111,Arkansas,Poinsett,2019-04-16 02:00:00,0.0,0
5111,Arkansas,Poinsett,2021-08-06 21:00:00,0.0,0
5111,Arkansas,Poinsett,2016-03-17 10:00:00,0.0,0
5111,Arkansas,Poinsett,2014-11-29 14:00:00,0.0,0
5111,Arkansas,Poinsett,2023-06-16 05:00:00,0.0,0
5111,Arkansas,Poinsett,2022-01-08 04:00:00,0.0,0
5113,Arkansas,Polk,2015-09-06 05:00:00,0.0,0
5113,Arkansas,Polk,2017-03-25 07:00:00,0.0,0
5113,Arkansas,Polk,2018-07-06 09:00:00,0.0,0
5113,Arkansas,Polk,2023-11-23 06:00:00,0.0,0
5113,Arkansas,Polk,2018-09-23 18:00:00,0.0,0
5113,Arkansas,Polk,2018-03-15 16:00:00,0.0,0
5113,Arkansas,Polk,2016-07-13 13:00:00,0.0,0
5113,Arkansas,Polk,2021-02-19 03:00:00,0.0,0
5113,Arkansas,Polk,2020-05-10 13:00:00,0.0,0
5113,Arkansas,Polk,2015-06-15 08:00:00,0.0,0
5115,Arkansas,Pope,2017-06-22 01:00:00,0.0,0
5115,Arkansas,Pope,2014-05-11 17:00:00,0.0,0
5115,Arkansas,Pope,2019-06-20 03:00:00,0.0,0
5115,Arkansas,Pope,2014-02-27 00:00:00,0.0,0
5115,Arkansas,Pope,2020-07-20 13:00:00,0.0,0
5115,Arkansas,Pope,2021-01-18 07:00:00,0.0,0
5115,Arkansas,Pope,2015-08-29 08:00:00,0.0,0
5115,Arkansas,Pope,2023-03-12 21:00:00,0.0,0
5115,Arkansas,Pope,2021-11-22 03:00:00,0.0,0
5115,Arkansas,Pope,2016-02-03 18:00:00,0.0,0
5117,Arkansas,Prairie,2016-05-04 03:00:00,0.0,0
5117,Arkansas,Prairie,2014-09-30 09:00:00,0.0,0
5117,Arkansas,Prairie,2015-09-12 16:00:00,0.0,0
5117,Arkansas,Prairie,2020-07-01 06:00:00,0.0,0
5117,Arkansas,Prairie,2015-01-06 13:00:00,0.0,0
5117,Arkansas,Prairie,2019-02-24 18:00:00,0.0,0
5117,Arkansas,Prairie,2019-05-21 21:00:00,0.0,0
5117,Arkansas,Prairie,2021-12-08 11:00:00,0.0,0
5117,Arkansas,Prairie,2022-03-04 12:00:00,0.0,0
5117,Arkansas,Prairie,2019-07-27 23:00:00,0.0,0
5119,Arkansas,Pulaski,2015-01-27 21:00:00,0.0,0
5119,Arkansas,Pulaski,2018-10-05 00:00:00,0.0,0
5119,Arkansas,Pulaski,2020-06-19 05:00:00,0.0,0
5119,Arkansas,Pulaski,2017-10-13 19:00:00,0.0,0
5119,Arkansas,Pulaski,2017-07-20 08:00:00,0.0,0
5119,Arkansas,Pulaski,2021-02-08 23:00:00,0.0,0
5119,Arkansas,Pulaski,2018-07-09 18:00:00,0.0,0
5119,Arkansas,Pulaski,2018-12-16 17:00:00,0.0,0
5119,Arkansas,Pulaski,2014-12-11 01:00:00,0.0,0
5119,Arkansas,Pulaski,2018-04-11 14:00:00,0.0,0
5121,Arkansas,Randolph,2014-12-30 04:00:00,0.0,0
5121,Arkansas,Randolph,2019-07-15 23:00:00,0.0,0
5121,Arkansas,Randolph,2022-09-11 08:00:00,0.0,0
5121,Arkansas,Randolph,2019-06-24 03:00:00,0.0,0
5121,Arkansas,Randolph,2014-04-16 22:00:00,0.0,0
5121,Arkansas,Randolph,2015-04-13 17:00:00,0.0,0
5121,Arkansas,Randolph,2021-01-30 09:00:00,0.0,0
5121,Arkansas,Randolph,2022-10-27 00:00:00,0.0,0
5121,Arkansas,Randolph,2023-05-04 21:00:00,0.0,0
5121,Arkansas,Randolph,2017-01-12 06:00:00,0.0,0
5123,Arkansas,St. Francis,2015-01-16 00:00:00,0.0,0
5123,Arkansas,St. Francis,2014-12-07 20:00:00,0.0,0
5123,Arkansas,St. Francis,2014-04-29 12:00:00,0.0,0
5123,Arkansas,St. Francis,2023-08-18 06:00:00,0.0,0
5123,Arkansas,St. Francis,2017-01-15 13:00:00,0.0,0
5123,Arkansas,St. Francis,2018-06-20 08:00:00,0.0,0
5123,Arkansas,St. Francis,2019-07-14 05:00:00,0.0,0
5123,Arkansas,St. Francis,2022-08-18 15:00:00,0.0,0
5123,Arkansas,St. Francis,2016-03-27 03:00:00,0.0,0
5123,Arkansas,St. Francis,2019-02-04 06:00:00,0.0,0
5125,Arkansas,Saline,2021-06-25 15:00:00,0.0,0
5125,Arkansas,Saline,2019-07-23 08:00:00,0.0,0
5125,Arkansas,Saline,2017-07-02 02:00:00,0.0,0
5125,Arkansas,Saline,2023-05-19 11:00:00,0.0,0
5125,Arkansas,Saline,2022-05-15 23:00:00,0.0,0
5125,Arkansas,Saline,2019-12-14 04:00:00,0.0,0
5125,Arkansas,Saline,2020-03-06 16:00:00,0.0,0
5125,Arkansas,Saline,2022-02-06 14:00:00,0.0,0
5125,Arkansas,Saline,2019-01-24 20:00:00,0.0,0
5125,Arkansas,Saline,2023-06-15 05:00:00,0.0,0
5127,Arkansas,Scott,2018-12-05 11:00:00,0.0,0
5127,Arkansas,Scott,2021-08-05 02:00:00,0.0,0
5127,Arkansas,Scott,2020-02-27 19:00:00,0.0,0
5127,Arkansas,Scott,2018-07-10 18:00:00,0.0,0
5127,Arkansas,Scott,2022-04-03 23:00:00,0.0,0
5127,Arkansas,Scott,2016-03-01 03:00:00,0.0,0
5127,Arkansas,Scott,2015-06-11 19:00:00,0.0,0
5127,Arkansas,Scott,2019-12-01 16:00:00,0.0,0
5127,Arkansas,Scott,2015-07-31 15:00:00,0.0,0
5127,Arkansas,Scott,2015-10-14 21:00:00,0.0,0
5129,Arkansas,Searcy,2021-12-15 10:00:00,0.0,0
5129,Arkansas,Searcy,2014-06-24 17:00:00,0.0,0
5129,Arkansas,Searcy,2017-08-28 11:00:00,0.0,0
5129,Arkansas,Searcy,2016-12-10 21:00:00,0.0,0
5129,Arkansas,Searcy,2021-01-24 12:00:00,0.0,0
5129,Arkansas,Searcy,2018-11-08 16:00:00,0.0,0
5129,Arkansas,Searcy,2016-10-01 16:00:00,0.0,0
5129,Arkansas,Searcy,2023-12-10 07:00:00,0.0,0
5129,Arkansas,Searcy,2016-03-02 11:00:00,0.0,0
5129,Arkansas,Searcy,2023-06-25 23:00:00,0.0,0
5131,Arkansas,Sebastian,2015-05-29 18:00:00,0.0,0
5131,Arkansas,Sebastian,2014-06-14 19:00:00,0.0,0
5131,Arkansas,Sebastian,2020-03-18 19:00:00,0.0,0
5131,Arkansas,Sebastian,2020-03-28 07:00:00,0.0,0
5131,Arkansas,Sebastian,2016-11-01 23:00:00,0.0,0
5131,Arkansas,Sebastian,2023-07-11 13:00:00,0.0,0
5131,Arkansas,Sebastian,2019-04-11 19:00:00,0.0,0
5131,Arkansas,Sebastian,2014-02-16 18:00:00,0.0,0
5131,Arkansas,Sebastian,2014-07-04 06:00:00,0.0,0
5131,Arkansas,Sebastian,2020-02-13 07:00:00,0.0,0
5133,Arkansas,Sevier,2017-12-07 05:00:00,0.0,0
5133,Arkansas,Sevier,2015-06-20 07:00:00,0.0,0
5133,Arkansas,Sevier,2016-03-25 01:00:00,0.0,0
5133,Arkansas,Sevier,2019-04-11 08:00:00,0.0,0
5133,Arkansas,Sevier,2022-03-30 19:00:00,0.0,0
5133,Arkansas,Sevier,2015-01-10 03:00:00,0.0,0
5133,Arkansas,Sevier,2020-11-09 02:00:00,0.0,0
5133,Arkansas,Sevier,2021-12-24 15:00:00,0.0,0
5133,Arkansas,Sevier,2023-12-23 17:00:00,0.0,0
5133,Arkansas,Sevier,2019-01-05 15:00:00,0.0,0
5135,Arkansas,Sharp,2015-09-06 05:00:00,0.0,0
5135,Arkansas,Sharp,2017-03-25 07:00:00,0.0,0
5135,Arkansas,Sharp,2018-07-06 09:00:00,0.0,0
5135,Arkansas,Sharp,2023-11-23 06:00:00,0.0,0
5135,Arkansas,Sharp,2018-09-23 18:00:00,0.0,0
5135,Arkansas,Sharp,2018-03-15 16:00:00,0.0,0
5135,Arkansas,Sharp,2016-07-13 13:00:00,0.0,0
5135,Arkansas,Sharp,2021-02-23 06:00:00,0.0,0
5135,Arkansas,Sharp,2020-05-14 15:00:00,0.0,0
5135,Arkansas,Sharp,2015-06-15 08:00:00,0.0,0
5137,Arkansas,Stone,2023-11-28 16:00:00,0.0,0
5137,Arkansas,Stone,2021-05-25 20:00:00,0.0,0
5137,Arkansas,Stone,2021-12-07 00:00:00,0.0,0
5137,Arkansas,Stone,2020-11-19 23:00:00,0.0,0
5137,Arkansas,Stone,2015-11-12 16:00:00,0.0,0
5137,Arkansas,Stone,2018-08-01 03:00:00,0.0,0
5137,Arkansas,Stone,2014-04-19 13:00:00,0.0,0
5137,Arkansas,Stone,2022-10-02 04:00:00,0.0,0
5137,Arkansas,Stone,2019-04-19 08:00:00,0.0,0
5137,Arkansas,Stone,2021-10-19 18:00:00,0.0,0
5139,Arkansas,Union,2021-12-30 18:00:00,0.0,0
5139,Arkansas,Union,2020-12-11 04:00:00,0.0,0
5139,Arkansas,Union,2015-10-11 01:00:00,0.0,0
5139,Arkansas,Union,2015-09-05 19:00:00,0.0,0
5139,Arkansas,Union,2021-05-27 05:00:00,0.0,0
5139,Arkansas,Union,2014-03-19 18:00:00,0.0,0
5139,Arkansas,Union,2014-05-21 17:00:00,0.0,0
5139,Arkansas,Union,2023-06-29 09:00:00,0.0,0
5139,Arkansas,Union,2014-02-11 19:00:00,0.0,0
5139,Arkansas,Union,2023-11-30 16:00:00,0.0,0
5143,Arkansas,Washington,2022-02-07 08:00:00,0.0,0
5143,Arkansas,Washington,2019-02-02 03:00:00,0.0,0
5143,Arkansas,Washington,2018-03-23 16:00:00,0.0,0
5143,Arkansas,Washington,2014-02-09 21:00:00,0.0,0
5143,Arkansas,Washington,2016-01-25 16:00:00,0.0,0
5143,Arkansas,Washington,2023-05-06 03:00:00,0.0,0
5143,Arkansas,Washington,2015-11-29 02:00:00,0.0,0
5143,Arkansas,Washington,2020-03-07 23:00:00,0.0,0
5143,Arkansas,Washington,2016-05-22 13:00:00,0.0,0
5143,Arkansas,Washington,2021-06-21 00:00:00,0.0,0
5145,Arkansas,White,2014-07-24 20:00:00,0.0,0
5145,Arkansas,White,2023-02-02 16:00:00,0.0,0
5145,Arkansas,White,2023-05-26 19:00:00,0.0,0
5145,Arkansas,White,2017-02-10 21:00:00,0.0,0
5145,Arkansas,White,2014-07-30 07:00:00,0.0,0
5145,Arkansas,White,2015-05-22 09:00:00,0.0,0
5145,Arkansas,White,2019-09-27 00:00:00,0.0,0
5145,Arkansas,White,2022-12-06 13:00:00,0.0,0
5145,Arkansas,White,2015-02-18 12:00:00,0.0,0
5145,Arkansas,White,2017-08-13 13:00:00,0.0,0
5147,Arkansas,Woodruff,2015-09-06 05:00:00,0.0,0
5147,Arkansas,Woodruff,2017-03-25 07:00:00,0.0,0
5147,Arkansas,Woodruff,2018-07-06 09:00:00,0.0,0
5147,Arkansas,Woodruff,2023-11-23 06:00:00,0.0,0
5147,Arkansas,Woodruff,2018-09-23 18:00:00,0.0,0
5147,Arkansas,Woodruff,2018-03-15 16:00:00,0.0,0
5147,Arkansas,Woodruff,2016-07-13 13:00:00,0.0,0
5147,Arkansas,Woodruff,2021-02-23 06:00:00,0.0,0
5147,Arkansas,Woodruff,2020-05-10 13:00:00,0.0,0
5147,Arkansas,Woodruff,2015-06-15 08:00:00,0.0,0
5149,Arkansas,Yell,2020-08-25 04:00:00,0.0,0
5149,Arkansas,Yell,2017-01-04 21:00:00,0.0,0
5149,Arkansas,Yell,2022-03-21 23:00:00,0.0,0
5149,Arkansas,Yell,2018-01-03 00:00:00,0.0,0
5149,Arkansas,Yell,2017-09-27 13:00:00,0.0,0
5149,Arkansas,Yell,2020-02-17 18:00:00,0.0,0
5149,Arkansas,Yell,2015-03-21 04:00:00,0.0,0
5149,Arkansas,Yell,2015-10-09 21:00:00,0.0,0
5149,Arkansas,Yell,2017-12-22 00:00:00,0.0,0
5149,Arkansas,Yell,2022-11-11 09:00:00,0.0,0
6001,California,Alameda,2015-01-04 22:00:00,0.0,0
6001,California,Alameda,2016-11-07 02:00:00,0.0,0
6001,California,Alameda,2020-10-31 12:00:00,0.0,0
6001,California,Alameda,2022-05-26 11:00:00,0.0,0
6001,California,Alameda,2020-12-31 13:00:00,0.0,0
6001,California,Alameda,2016-09-03 11:00:00,0.0,0
6001,California,Alameda,2022-12-11 20:00:00,0.0,0
6001,California,Alameda,2014-08-23 17:00:00,0.0,0
6001,California,Alameda,2020-03-14 06:00:00,0.0,0
6001,California,Alameda,2017-08-02 02:00:00,0.0,0
6003,California,Alpine,2023-02-20 12:00:00,0.0,0
6003,California,Alpine,2018-11-07 01:00:00,0.0,0
6003,California,Alpine,2023-07-24 21:00:00,0.0,0
6003,California,Alpine,2016-09-18 02:00:00,0.0,0
6003,California,Alpine,2021-06-29 20:00:00,0.0,0
6003,California,Alpine,2017-09-10 15:00:00,0.0,0
6003,California,Alpine,2014-04-05 03:00:00,0.0,0
6003,California,Alpine,2022-04-16 13:00:00,0.0,0
6003,California,Alpine,2015-03-02 16:00:00,0.0,0
6003,California,Alpine,2019-11-13 10:00:00,0.0,0
6005,California,Amador,2023-09-07 12:00:00,0.0,0
6005,California,Amador,2016-04-23 20:00:00,0.0,0
6005,California,Amador,2021-06-08 10:00:00,0.0,0
6005,California,Amador,2016-10-12 08:00:00,0.0,0
6005,California,Amador,2015-02-11 11:00:00,0.0,0
6005,California,Amador,2022-01-28 17:00:00,0.0,0
6005,California,Amador,2023-08-07 22:00:00,0.0,0
6005,California,Amador,2023-05-04 14:00:00,0.0,0
6005,California,Amador,2016-10-04 11:00:00,0.0,0
6005,California,Amador,2017-01-02 18:00:00,0.0,0
6007,California,Butte,2019-08-12 18:00:00,0.0,0
6007,California,Butte,2015-12-22 02:00:00,0.0,0
6007,California,Butte,2017-10-17 09:00:00,0.0,0
6007,California,Butte,2023-05-12 09:00:00,0.0,0
6007,California,Butte,2023-05-09 22:00:00,0.0,0
6007,California,Butte,2023-12-26 17:00:00,0.0,0
6007,California,Butte,2020-11-21 14:00:00,0.0,0
6007,California,Butte,2015-02-24 21:00:00,0.0,0
6007,California,Butte,2014-09-04 19:00:00,0.0,0
6007,California,Butte,2018-01-28 19:00:00,0.0,0
6009,California,Calaveras,2016-07-27 00:00:00,0.0,0
6009,California,Calaveras,2020-04-30 07:00:00,0.0,0
6009,California,Calaveras,2016-06-14 02:00:00,0.0,0
6009,California,Calaveras,2015-07-03 02:00:00,0.0,0
6009,California,Calaveras,2022-02-16 13:00:00,0.0,0
6009,California,Calaveras,2015-03-13 19:00:00,0.0,0
6009,California,Calaveras,2022-03-02 14:00:00,0.0,0
6009,California,Calaveras,2019-10-03 05:00:00,0.0,0
6009,California,Calaveras,2018-07-25 07:00:00,0.0,0
6009,California,Calaveras,2014-05-04 19:00:00,0.0,0
6011,California,Colusa,2023-11-20 22:00:00,0.0,0
6011,California,Colusa,2014-01-27 08:00:00,0.0,0
6011,California,Colusa,2015-07-04 02:00:00,0.0,0
6011,California,Colusa,2018-02-03 05:00:00,0.0,0
6011,California,Colusa,2023-08-04 04:00:00,0.0,0
6011,California,Colusa,2018-05-03 09:00:00,0.0,0
6011,California,Colusa,2019-06-30 00:00:00,0.0,0
6011,California,Colusa,2019-08-20 01:00:00,0.0,0
6011,California,Colusa,2015-05-16 01:00:00,0.0,0
6011,California,Colusa,2014-01-16 13:00:00,0.0,0
6013,California,Contra Costa,2022-01-15 14:00:00,0.0,0
6013,California,Contra Costa,2022-11-16 22:00:00,0.0,0
6013,California,Contra Costa,2017-09-16 00:00:00,0.0,0
6013,California,Contra Costa,2019-09-17 23:00:00,0.0,0
6013,California,Contra Costa,2018-01-29 16:00:00,0.0,0
6013,California,Contra Costa,2015-02-05 11:00:00,0.0,0
6013,California,Contra Costa,2017-02-28 21:00:00,0.0,0
6013,California,Contra Costa,2014-06-13 23:00:00,0.0,0
6013,California,Contra Costa,2019-10-13 05:00:00,0.0,0
6013,California,Contra Costa,2023-11-21 08:00:00,0.0,0
6015,California,Del Norte,2017-11-28 18:00:00,0.0,0
6015,California,Del Norte,2021-06-08 20:00:00,0.0,0
6015,California,Del Norte,2015-07-30 04:00:00,0.0,0
6015,California,Del Norte,2016-12-11 15:00:00,0.0,0
6015,California,Del Norte,2016-08-07 17:00:00,0.0,0
6015,California,Del Norte,2015-08-06 05:00:00,0.0,0
6015,California,Del Norte,2023-08-06 15:00:00,0.0,0
6015,California,Del Norte,2015-05-29 22:00:00,0.0,0
6015,California,Del Norte,2015-06-07 19:00:00,0.0,0
6015,California,Del Norte,2018-04-06 06:00:00,0.0,0
6017,California,El Dorado,2014-05-10 06:00:00,0.0,0
6017,California,El Dorado,2014-09-03 23:00:00,0.0,0
6017,California,El Dorado,2019-05-03 02:00:00,0.0,0
6017,California,El Dorado,2022-02-13 04:00:00,0.0,0
6017,California,El Dorado,2023-07-10 02:00:00,0.0,0
6017,California,El Dorado,2014-01-25 05:00:00,0.0,0
6017,California,El Dorado,2020-09-25 06:00:00,0.0,0
6017,California,El Dorado,2014-05-16 01:00:00,0.0,0
6017,California,El Dorado,2016-10-04 19:00:00,0.0,0
6017,California,El Dorado,2015-09-07 21:00:00,0.0,0
6019,California,Fresno,2023-10-21 20:00:00,0.0,0
6019,California,Fresno,2014-07-07 04:00:00,0.0,0
6019,California,Fresno,2021-04-16 02:00:00,0.0,0
6019,California,Fresno,2023-08-05 02:00:00,0.0,0
6019,California,Fresno,2020-08-28 05:00:00,0.0,0
6019,California,Fresno,2016-10-23 21:00:00,0.0,0
6019,California,Fresno,2015-02-15 05:00:00,0.0,0
6019,California,Fresno,2022-11-05 07:00:00,0.0,0
6019,California,Fresno,2022-10-26 21:00:00,0.0,0
6019,California,Fresno,2019-08-17 23:00:00,0.0,0
6021,California,Glenn,2019-08-16 14:00:00,0.0,0
6021,California,Glenn,2015-01-21 18:00:00,0.0,0
6021,California,Glenn,2018-08-29 14:00:00,0.0,0
6021,California,Glenn,2014-11-17 16:00:00,0.0,0
6021,California,Glenn,2018-07-03 15:00:00,0.0,0
6021,California,Glenn,2016-12-09 00:00:00,0.0,0
6021,California,Glenn,2014-06-19 23:00:00,0.0,0
6021,California,Glenn,2022-11-22 05:00:00,0.0,0
6021,California,Glenn,2016-06-16 15:00:00,0.0,0
6021,California,Glenn,2015-10-16 07:00:00,0.0,0
6023,California,Humboldt,2017-05-18 07:00:00,0.0,0
6023,California,Humboldt,2023-07-12 13:00:00,0.0,0
6023,California,Humboldt,2015-06-09 04:00:00,0.0,0
6023,California,Humboldt,2019-11-11 09:00:00,0.0,0
6023,California,Humboldt,2021-10-14 01:00:00,0.0,0
6023,California,Humboldt,2018-10-08 07:00:00,0.0,0
6023,California,Humboldt,2023-08-05 10:00:00,0.0,0
6023,California,Humboldt,2014-09-26 00:00:00,0.0,0
6023,California,Humboldt,2020-11-21 22:00:00,0.0,0
6023,California,Humboldt,2021-04-26 09:00:00,0.0,0
6025,California,Imperial,2023-08-09 02:00:00,0.0,0
6025,California,Imperial,2014-12-21 05:00:00,0.0,0
6025,California,Imperial,2022-01-29 09:00:00,0.0,0
6025,California,Imperial,2015-08-11 21:00:00,0.0,0
6025,California,Imperial,2021-06-22 00:00:00,0.0,0
6025,California,Imperial,2022-06-04 04:00:00,0.0,0
6025,California,Imperial,2018-10-04 05:00:00,0.0,0
6025,California,Imperial,2019-07-01 21:00:00,0.0,0
6025,California,Imperial,2016-05-07 06:00:00,0.0,0
6025,California,Imperial,2018-01-27 07:00:00,0.0,0
6027,California,Inyo,2020-01-07 20:00:00,0.0,0
6027,California,Inyo,2021-07-08 19:00:00,0.0,0
6027,California,Inyo,2019-05-15 21:00:00,0.0,0
6027,California,Inyo,2016-01-12 21:00:00,0.0,0
6027,California,Inyo,2014-01-12 14:00:00,0.0,0
6027,California,Inyo,2020-08-29 01:00:00,0.0,0
6027,California,Inyo,2014-03-18 17:00:00,0.0,0
6027,California,Inyo,2015-11-16 14:00:00,0.0,0
6027,California,Inyo,2021-10-20 00:00:00,0.0,0
6027,California,Inyo,2022-11-09 08:00:00,0.0,0
6029,California,Kern,2021-06-21 10:00:00,0.0,0
6029,California,Kern,2016-06-16 19:00:00,0.0,0
6029,California,Kern,2023-01-21 09:00:00,0.0,0
6029,California,Kern,2019-03-23 05:00:00,0.0,0
6029,California,Kern,2018-09-08 21:00:00,0.0,0
6029,California,Kern,2020-03-16 06:00:00,0.0,0
6029,California,Kern,2023-04-08 05:00:00,0.0,0
6029,California,Kern,2019-01-12 21:00:00,0.0,0
6029,California,Kern,2015-08-22 11:00:00,0.0,0
6029,California,Kern,2016-03-03 00:00:00,0.0,0
6031,California,Kings,2019-07-07 07:00:00,0.0,0
6031,California,Kings,2023-12-02 01:00:00,0.0,0
6031,California,Kings,2018-04-29 02:00:00,0.0,0
6031,California,Kings,2017-08-24 15:00:00,0.0,0
6031,California,Kings,2020-04-20 02:00:00,0.0,0
6031,California,Kings,2021-03-10 10:00:00,0.0,0
6031,California,Kings,2018-04-30 06:00:00,0.0,0
6031,California,Kings,2015-01-22 12:00:00,0.0,0
6031,California,Kings,2023-06-23 23:00:00,0.0,0
6031,California,Kings,2016-12-02 15:00:00,0.0,0
6033,California,Lake,2023-08-16 23:00:00,0.0,0
6033,California,Lake,2018-11-22 20:00:00,0.0,0
6033,California,Lake,2018-12-14 02:00:00,0.0,0
6033,California,Lake,2015-08-27 07:00:00,0.0,0
6033,California,Lake,2014-12-08 05:00:00,0.0,0
6033,California,Lake,2023-12-17 07:00:00,0.0,0
6033,California,Lake,2018-12-17 00:00:00,0.0,0
6033,California,Lake,2015-03-18 11:00:00,0.0,0
6033,California,Lake,2017-07-26 17:00:00,0.0,0
6033,California,Lake,2016-07-15 06:00:00,0.0,0
6035,California,Lassen,2015-09-06 05:00:00,0.0,0
6035,California,Lassen,2017-03-25 07:00:00,0.0,0
6035,California,Lassen,2018-07-06 09:00:00,0.0,0
6035,California,Lassen,2023-11-23 06:00:00,0.0,0
6035,California,Lassen,2018-09-23 18:00:00,0.0,0
6035,California,Lassen,2018-03-15 16:00:00,0.0,0
6035,California,Lassen,2016-07-13 13:00:00,0.0,0
6035,California,Lassen,2021-02-19 04:00:00,0.0,0
6035,California,Lassen,2020-05-10 13:00:00,0.0,0
6035,California,Lassen,2015-06-15 08:00:00,0.0,0
6037,California,Los Angeles,2017-06-09 00:00:00,0.0,0
6037,California,Los Angeles,2021-07-06 07:00:00,0.0,0
6037,California,Los Angeles,2022-09-21 08:00:00,0.0,0
6037,California,Los Angeles,2021-12-19 02:00:00,0.0,0
6037,California,Los Angeles,2020-06-17 23:00:00,0.0,0
6037,California,Los Angeles,2019-09-10 19:00:00,0.0,0
6037,California,Los Angeles,2014-10-06 00:00:00,0.0,0
6037,California,Los Angeles,2022-11-07 08:00:00,0.0,0
6037,California,Los Angeles,2021-04-29 11:00:00,0.0,0
6037,California,Los Angeles,2016-11-23 15:00:00,0.0,0
6039,California,Madera,2022-12-14 08:00:00,0.0,0
6039,California,Madera,2017-09-16 01:00:00,0.0,0
6039,California,Madera,2015-10-28 01:00:00,0.0,0
6039,California,Madera,2021-08-26 06:00:00,0.0,0
6039,California,Madera,2019-02-04 08:00:00,0.0,0
6039,California,Madera,2021-03-24 05:00:00,0.0,0
6039,California,Madera,2019-12-10 05:00:00,0.0,0
6039,California,Madera,2018-02-24 07:00:00,0.0,0
6039,California,Madera,2022-02-22 02:00:00,0.0,0
6039,California,Madera,2018-12-28 13:00:00,0.0,0
6041,California,Marin,2022-12-08 12:00:00,0.0,0
6041,California,Marin,2023-01-05 21:00:00,0.0,0
6041,California,Marin,2019-03-03 07:00:00,0.0,0
6041,California,Marin,2018-09-16 13:00:00,0.0,0
6041,California,Marin,2016-08-08 09:00:00,0.0,0
6041,California,Marin,2021-03-12 14:00:00,0.0,0
6041,California,Marin,2022-11-26 02:00:00,0.0,0
6041,California,Marin,2019-03-21 23:00:00,0.0,0
6041,California,Marin,2021-10-24 03:00:00,0.0,0
6041,California,Marin,2016-09-11 00:00:00,0.0,0
6043,California,Mariposa,2022-05-22 17:00:00,0.0,0
6043,California,Mariposa,2023-07-17 23:00:00,0.0,0
6043,California,Mariposa,2020-12-21 13:00:00,0.0,0
6043,California,Mariposa,2017-06-25 08:00:00,0.0,0
6043,California,Mariposa,2022-04-15 17:00:00,0.0,0
6043,California,Mariposa,2017-07-02 00:00:00,0.0,0
6043,California,Mariposa,2023-04-14 00:00:00,0.0,0
6043,California,Mariposa,2023-09-06 02:00:00,0.0,0
6043,California,Mariposa,2023-05-20 18:00:00,0.0,0
6043,California,Mariposa,2017-04-30 14:00:00,0.0,0
6045,California,Mendocino,2020-09-24 09:00:00,0.0,0
6045,California,Mendocino,2020-12-25 06:00:00,0.0,0
6045,California,Mendocino,2022-10-28 16:00:00,0.0,0
6045,California,Mendocino,2014-04-20 14:00:00,0.0,0
6045,California,Mendocino,2019-06-14 04:00:00,0.0,0
6045,California,Mendocino,2022-01-17 09:00:00,0.0,0
6045,California,Mendocino,2020-11-02 08:00:00,0.0,0
6045,California,Mendocino,2017-08-03 23:00:00,0.0,0
6045,California,Mendocino,2017-07-31 02:00:00,0.0,0
6045,California,Mendocino,2015-02-07 04:00:00,0.0,0
6047,California,Merced,2019-05-06 09:00:00,0.0,0
6047,California,Merced,2023-07-16 20:00:00,0.0,0
6047,California,Merced,2015-06-09 04:00:00,0.0,0
6047,California,Merced,2019-11-16 18:00:00,0.0,0
6047,California,Merced,2020-09-14 07:00:00,0.0,0
6047,California,Merced,2018-11-20 12:00:00,0.0,0
6047,California,Merced,2023-08-29 21:00:00,0.0,0
6047,California,Merced,2014-09-26 00:00:00,0.0,0
6047,California,Merced,2018-03-23 07:00:00,0.0,0
6047,California,Merced,2021-05-03 21:00:00,0.0,0
6049,California,Modoc,2020-01-15 15:00:00,0.0,0
6049,California,Modoc,2019-01-29 01:00:00,0.0,0
6049,California,Modoc,2014-09-18 13:00:00,0.0,0
6049,California,Modoc,2019-09-24 22:00:00,0.0,0
6049,California,Modoc,2019-07-30 21:00:00,0.0,0
6049,California,Modoc,2015-08-14 07:00:00,0.0,0
6049,California,Modoc,2015-07-26 18:00:00,0.0,0
6049,California,Modoc,2022-07-20 00:00:00,0.0,0
6049,California,Modoc,2019-08-20 05:00:00,0.0,0
6049,California,Modoc,2017-06-15 18:00:00,0.0,0
6051,California,Mono,2023-10-02 21:00:00,0.0,0
6051,California,Mono,2023-10-27 12:00:00,0.0,0
6051,California,Mono,2018-07-29 07:00:00,0.0,0
6051,California,Mono,2022-05-07 22:00:00,0.0,0
6051,California,Mono,2014-01-15 11:00:00,0.0,0
6051,California,Mono,2018-01-10 18:00:00,0.0,0
6051,California,Mono,2022-01-17 20:00:00,0.0,0
6051,California,Mono,2018-10-15 22:00:00,0.0,0
6051,California,Mono,2019-06-11 07:00:00,0.0,0
6051,California,Mono,2017-02-08 05:00:00,0.0,0
6053,California,Monterey,2016-08-26 07:00:00,0.0,0
6053,California,Monterey,2016-11-02 03:00:00,0.0,0
6053,California,Monterey,2021-06-23 21:00:00,0.0,0
6053,California,Monterey,2019-01-12 05:00:00,0.0,0
6053,California,Monterey,2015-06-30 10:00:00,0.0,0
6053,California,Monterey,2016-04-07 02:00:00,0.0,0
6053,California,Monterey,2023-10-18 10:00:00,0.0,0
6053,California,Monterey,2018-10-30 13:00:00,0.0,0
6053,California,Monterey,2023-07-20 01:00:00,0.0,0
6053,California,Monterey,2016-11-03 08:00:00,0.0,0
6055,California,Napa,2018-11-13 23:00:00,0.0,0
6055,California,Napa,2022-01-13 12:00:00,0.0,0
6055,California,Napa,2023-08-13 11:00:00,0.0,0
6055,California,Napa,2021-12-06 23:00:00,0.0,0
6055,California,Napa,2014-10-12 05:00:00,0.0,0
6055,California,Napa,2022-11-18 18:00:00,0.0,0
6055,California,Napa,2023-11-15 22:00:00,0.0,0
6055,California,Napa,2019-09-08 22:00:00,0.0,0
6055,California,Napa,2021-09-14 10:00:00,0.0,0
6055,California,Napa,2021-10-03 07:00:00,0.0,0
6057,California,Nevada,2015-05-07 06:00:00,0.0,0
6057,California,Nevada,2014-05-04 19:00:00,0.0,0
6057,California,Nevada,2022-11-17 20:00:00,0.0,0
6057,California,Nevada,2023-12-21 12:00:00,0.0,0
6057,California,Nevada,2017-04-24 13:00:00,0.0,0
6057,California,Nevada,2020-07-22 22:00:00,0.0,0
6057,California,Nevada,2022-12-03 15:00:00,0.0,0
6057,California,Nevada,2019-12-23 21:00:00,0.0,0
6057,California,Nevada,2021-05-03 23:00:00,0.0,0
6057,California,Nevada,2023-03-20 17:00:00,0.0,0
6059,California,Orange,2019-08-22 05:00:00,0.0,0
6059,California,Orange,2017-01-07 21:00:00,0.0,0
6059,California,Orange,2016-01-08 00:00:00,0.0,0
6059,California,Orange,2023-12-19 12:00:00,0.0,0
6059,California,Orange,2023-07-14 15:00:00,0.0,0
6059,California,Orange,2022-05-19 13:00:00,0.0,0
6059,California,Orange,2021-08-29 22:00:00,0.0,0
6059,California,Orange,2017-09-13 23:00:00,0.0,0
6059,California,Orange,2020-02-22 19:00:00,0.0,0
6059,California,Orange,2020-09-23 02:00:00,0.0,0
6061,California,Placer,2023-03-10 19:00:00,0.0,0
6061,California,Placer,2022-07-17 20:00:00,0.0,0
6061,California,Placer,2023-07-16 18:00:00,0.0,0
6061,California,Placer,2019-10-11 02:00:00,0.0,0
6061,California,Placer,2017-03-17 08:00:00,0.0,0
6061,California,Placer,2014-02-21 22:00:00,0.0,0
6061,California,Placer,2015-03-18 06:00:00,0.0,0
6061,California,Placer,2017-08-03 23:00:00,0.0,0
6061,California,Placer,2019-08-06 08:00:00,0.0,0
6061,California,Placer,2015-06-10 21:00:00,0.0,0
6063,California,Plumas,2022-03-13 13:00:00,0.0,0
6063,California,Plumas,2016-05-18 15:00:00,0.0,0
6063,California,Plumas,2023-05-04 12:00:00,0.0,0
6063,California,Plumas,2018-08-19 08:00:00,0.0,0
6063,California,Plumas,2015-07-16 07:00:00,0.0,0
6063,California,Plumas,2015-08-19 03:00:00,0.0,0
6063,California,Plumas,2022-11-24 18:00:00,0.0,0
6063,California,Plumas,2021-05-08 03:00:00,0.0,0
6063,California,Plumas,2021-04-07 04:00:00,0.0,0
6063,California,Plumas,2019-05-11 05:00:00,0.0,0
6065,California,Riverside,2020-10-13 09:00:00,0.0,0
6065,California,Riverside,2014-01-29 07:00:00,0.0,0
6065,California,Riverside,2017-02-05 17:00:00,0.0,0
6065,California,Riverside,2021-01-11 01:00:00,0.0,0
6065,California,Riverside,2023-01-10 12:00:00,0.0,0
6065,California,Riverside,2022-02-17 02:00:00,0.0,0
6065,California,Riverside,2022-03-01 08:00:00,0.0,0
6065,California,Riverside,2015-06-03 18:00:00,0.0,0
6065,California,Riverside,2015-04-22 11:00:00,0.0,0
6065,California,Riverside,2018-08-04 10:00:00,0.0,0
6067,California,Sacramento,2020-09-27 13:00:00,0.0,0
6067,California,Sacramento,2023-07-18 10:00:00,0.0,0
6067,California,Sacramento,2022-05-28 14:00:00,0.0,0
6067,California,Sacramento,2018-11-04 14:00:00,0.0,0
6067,California,Sacramento,2021-09-22 04:00:00,0.0,0
6067,California,Sacramento,2016-10-27 14:00:00,0.0,0
6067,California,Sacramento,2016-02-22 02:00:00,0.0,0
6067,California,Sacramento,2016-05-13 06:00:00,0.0,0
6067,California,Sacramento,2022-05-13 14:00:00,0.0,0
6067,California,Sacramento,2021-09-07 16:00:00,0.0,0
6069,California,San Benito,2019-12-18 17:00:00,0.0,0
6069,California,San Benito,2023-06-22 06:00:00,0.0,0
6069,California,San Benito,2023-06-26 18:00:00,0.0,0
6069,California,San Benito,2022-05-29 01:00:00,0.0,0
6069,California,San Benito,2016-10-13 03:00:00,0.0,0
6069,California,San Benito,2018-12-25 03:00:00,0.0,0
6069,California,San Benito,2015-11-03 11:00:00,0.0,0
6069,California,San Benito,2015-08-27 15:00:00,0.0,0
6069,California,San Benito,2021-01-07 09:00:00,0.0,0
6069,California,San Benito,2018-09-18 15:00:00,0.0,0
6071,California,San Bernardino,2019-03-05 18:00:00,0.0,0
6071,California,San Bernardino,2022-12-08 06:00:00,0.0,0
6071,California,San Bernardino,2019-01-17 07:00:00,0.0,0
6071,California,San Bernardino,2016-01-08 12:00:00,0.0,0
6071,California,San Bernardino,2015-05-05 18:00:00,0.0,0
6071,California,San Bernardino,2018-09-11 19:00:00,0.0,0
6071,California,San Bernardino,2018-06-13 22:00:00,0.0,0
6071,California,San Bernardino,2019-11-05 10:00:00,0.0,0
6071,California,San Bernardino,2018-08-26 07:00:00,0.0,0
6071,California,San Bernardino,2019-09-19 03:00:00,0.0,0
6073,California,San Diego,2015-06-09 06:00:00,0.0,0
6073,California,San Diego,2014-07-03 21:00:00,0.0,0
6073,California,San Diego,2014-02-23 13:00:00,0.0,0
6073,California,San Diego,2015-05-19 16:00:00,0.0,0
6073,California,San Diego,2023-12-31 03:00:00,0.0,0
6073,California,San Diego,2022-04-05 05:00:00,0.0,0
6073,California,San Diego,2017-10-25 11:00:00,0.0,0
6073,California,San Diego,2017-11-26 05:00:00,0.0,0
6073,California,San Diego,2022-06-10 12:00:00,0.0,0
6073,California,San Diego,2020-08-28 23:00:00,0.0,0
6075,California,San Francisco,2014-01-16 18:00:00,0.0,0
6075,California,San Francisco,2015-01-06 03:00:00,0.0,0
6075,California,San Francisco,2015-10-01 13:00:00,0.0,0
6075,California,San Francisco,2021-06-25 13:00:00,0.0,0
6075,California,San Francisco,2017-11-25 07:00:00,0.0,0
6075,California,San Francisco,2014-01-15 15:00:00,0.0,0
6075,California,San Francisco,2019-08-01 10:00:00,0.0,0
6075,California,San Francisco,2021-05-21 18:00:00,0.0,0
6075,California,San Francisco,2015-11-21 18:00:00,0.0,0
6075,California,San Francisco,2015-03-30 09:00:00,0.0,0
6077,California,San Joaquin,2017-08-07 21:00:00,0.0,0
6077,California,San Joaquin,2023-07-16 04:00:00,0.0,0
6077,California,San Joaquin,2018-02-11 18:00:00,0.0,0
6077,California,San Joaquin,2022-05-07 09:00:00,0.0,0
6077,California,San Joaquin,2022-01-23 18:00:00,0.0,0
6077,California,San Joaquin,2014-10-17 03:00:00,0.0,0
6077,California,San Joaquin,2020-02-07 20:00:00,0.0,0
6077,California,San Joaquin,2022-10-11 17:00:00,0.0,0
6077,California,San Joaquin,2020-04-11 11:00:00,0.0,0
6077,California,San Joaquin,2015-03-29 00:00:00,0.0,0
6079,California,San Luis Obispo,2020-12-16 22:00:00,0.0,0
6079,California,San Luis Obispo,2015-03-18 09:00:00,0.0,0
6079,California,San Luis Obispo,2022-12-19 11:00:00,0.0,0
6079,California,San Luis Obispo,2014-06-20 08:00:00,0.0,0
6079,California,San Luis Obispo,2022-04-19 22:00:00,0.0,0
6079,California,San Luis Obispo,2021-03-01 14:00:00,0.0,0
6079,California,San Luis Obispo,2020-12-10 22:00:00,0.0,0
6079,California,San Luis Obispo,2023-05-05 04:00:00,0.0,0
6079,California,San Luis Obispo,2021-06-07 01:00:00,0.0,0
6079,California,San Luis Obispo,2016-07-25 20:00:00,0.0,0
6081,California,San Mateo,2014-09-08 09:00:00,0.0,0
6081,California,San Mateo,2020-04-04 23:00:00,0.0,0
6081,California,San Mateo,2017-09-21 07:00:00,0.0,0
6081,California,San Mateo,2015-05-15 11:00:00,0.0,0
6081,California,San Mateo,2021-10-19 18:00:00,0.0,0
6081,California,San Mateo,2018-08-18 14:00:00,0.0,0
6081,California,San Mateo,2014-08-03 10:00:00,0.0,0
6081,California,San Mateo,2021-09-17 13:00:00,0.0,0
6081,California,San Mateo,2015-11-01 17:00:00,0.0,0
6081,California,San Mateo,2019-12-02 16:00:00,0.0,0
6083,California,Santa Barbara,2019-06-12 12:00:00,0.0,0
6083,California,Santa Barbara,2015-12-09 12:00:00,0.0,0
6083,California,Santa Barbara,2020-06-24 10:00:00,0.0,0
6083,California,Santa Barbara,2014-08-31 01:00:00,0.0,0
6083,California,Santa Barbara,2019-05-15 01:00:00,0.0,0
6083,California,Santa Barbara,2015-02-23 02:00:00,0.0,0
6083,California,Santa Barbara,2019-10-31 11:00:00,0.0,0
6083,California,Santa Barbara,2019-02-23 23:00:00,0.0,0
6083,California,Santa Barbara,2016-10-23 08:00:00,0.0,0
6083,California,Santa Barbara,2023-10-16 04:00:00,0.0,0
6085,California,Santa Clara,2018-08-24 17:00:00,0.0,0
6085,California,Santa Clara,2022-07-04 06:00:00,0.0,0
6085,California,Santa Clara,2023-02-09 09:00:00,0.0,0
6085,California,Santa Clara,2019-08-28 09:00:00,0.0,0
6085,California,Santa Clara,2016-10-22 17:00:00,0.0,0
6085,California,Santa Clara,2017-12-23 15:00:00,0.0,0
6085,California,Santa Clara,2014-11-29 23:00:00,0.0,0
6085,California,Santa Clara,2023-04-06 19:00:00,0.0,0
6085,California,Santa Clara,2017-08-29 18:00:00,0.0,0
6085,California,Santa Clara,2021-06-17 21:00:00,0.0,0
6087,California,Santa Cruz,2022-10-02 06:00:00,0.0,0
6087,California,Santa Cruz,2022-03-11 06:00:00,0.0,0
6087,California,Santa Cruz,2017-02-11 12:00:00,0.0,0
6087,California,Santa Cruz,2014-04-22 19:00:00,0.0,0
6087,California,Santa Cruz,2020-10-06 06:00:00,0.0,0
6087,California,Santa Cruz,2022-09-14 04:00:00,0.0,0
6087,California,Santa Cruz,2022-09-21 15:00:00,0.0,0
6087,California,Santa Cruz,2022-08-16 14:00:00,0.0,0
6087,California,Santa Cruz,2021-12-02 06:00:00,0.0,0
6087,California,Santa Cruz,2016-02-22 08:00:00,0.0,0
6089,California,Shasta,2020-11-29 11:00:00,0.0,0
6089,California,Shasta,2019-08-29 09:00:00,0.0,0
6089,California,Shasta,2021-07-08 15:00:00,0.0,0
6089,California,Shasta,2019-03-19 05:00:00,0.0,0
6089,California,Shasta,2018-04-29 21:00:00,0.0,0
6089,California,Shasta,2020-04-13 11:00:00,0.0,0
6089,California,Shasta,2018-05-07 08:00:00,0.0,0
6089,California,Shasta,2020-08-02 01:00:00,0.0,0
6089,California,Shasta,2016-02-12 16:00:00,0.0,0
6089,California,Shasta,2016-02-20 07:00:00,0.0,0
6091,California,Sierra,2016-08-16 08:00:00,0.0,0
6091,California,Sierra,2020-08-30 08:00:00,0.0,0
6091,California,Sierra,2015-01-14 19:00:00,0.0,0
6091,California,Sierra,2021-11-05 22:00:00,0.0,0
6091,California,Sierra,2021-04-12 13:00:00,0.0,0
6091,California,Sierra,2014-04-05 03:00:00,0.0,0
6091,California,Sierra,2016-12-30 06:00:00,0.0,0
6091,California,Sierra,2014-08-29 19:00:00,0.0,0
6091,California,Sierra,2015-09-12 00:00:00,0.0,0
6091,California,Sierra,2021-09-30 20:00:00,0.0,0
6093,California,Siskiyou,2018-01-03 16:00:00,0.0,0
6093,California,Siskiyou,2020-01-23 04:00:00,0.0,0
6093,California,Siskiyou,2021-12-20 17:00:00,0.0,0
6093,California,Siskiyou,2014-06-04 19:00:00,0.0,0
6093,California,Siskiyou,2021-08-03 03:00:00,0.0,0
6093,California,Siskiyou,2017-04-03 09:00:00,0.0,0
6093,California,Siskiyou,2022-03-01 00:00:00,0.0,0
6093,California,Siskiyou,2016-04-15 21:00:00,0.0,0
6093,California,Siskiyou,2019-06-04 08:00:00,0.0,0
6093,California,Siskiyou,2017-05-09 16:00:00,0.0,0
6095,California,Solano,2022-11-17 10:00:00,0.0,0
6095,California,Solano,2023-07-12 19:00:00,0.0,0
6095,California,Solano,2015-06-09 04:00:00,0.0,0
6095,California,Solano,2022-12-25 20:00:00,0.0,0
6095,California,Solano,2018-04-17 19:00:00,0.0,0
6095,California,Solano,2020-02-15 10:00:00,0.0,0
6095,California,Solano,2023-08-05 16:00:00,0.0,0
6095,California,Solano,2014-09-26 00:00:00,0.0,0
6095,California,Solano,2018-03-23 06:00:00,0.0,0
6095,California,Solano,2021-04-14 13:00:00,0.0,0
6097,California,Sonoma,2018-07-03 15:00:00,0.0,0
6097,California,Sonoma,2020-11-09 23:00:00,0.0,0
6097,California,Sonoma,2022-07-14 03:00:00,0.0,0
6097,California,Sonoma,2014-05-17 14:00:00,0.0,0
6097,California,Sonoma,2014-11-18 21:00:00,0.0,0
6097,California,Sonoma,2015-04-04 00:00:00,0.0,0
6097,California,Sonoma,2014-09-17 16:00:00,0.0,0
6097,California,Sonoma,2017-02-19 00:00:00,0.0,0
6097,California,Sonoma,2016-11-24 12:00:00,0.0,0
6097,California,Sonoma,2017-04-10 06:00:00,0.0,0
6099,California,Stanislaus,2019-07-17 19:00:00,0.0,0
6099,California,Stanislaus,2022-07-19 07:00:00,0.0,0
6099,California,Stanislaus,2015-08-06 01:00:00,0.0,0
6099,California,Stanislaus,2014-11-02 15:00:00,0.0,0
6099,California,Stanislaus,2019-07-18 14:00:00,0.0,0
6099,California,Stanislaus,2016-10-13 09:00:00,0.0,0
6099,California,Stanislaus,2015-10-27 01:00:00,0.0,0
6099,California,Stanislaus,2016-10-28 06:00:00,0.0,0
6099,California,Stanislaus,2022-11-04 23:00:00,0.0,0
6099,California,Stanislaus,2018-10-19 20:00:00,0.0,0
6101,California,Sutter,2023-08-15 14:00:00,0.0,0
6101,California,Sutter,2016-07-13 10:00:00,0.0,0
6101,California,Sutter,2015-06-06 22:00:00,0.0,0
6101,California,Sutter,2020-07-23 00:00:00,0.0,0
6101,California,Sutter,2021-03-23 13:00:00,0.0,0
6101,California,Sutter,2023-08-10 02:00:00,0.0,0
6101,California,Sutter,2021-05-14 19:00:00,0.0,0
6101,California,Sutter,2022-02-14 21:00:00,0.0,0
6101,California,Sutter,2021-10-09 01:00:00,0.0,0
6101,California,Sutter,2018-07-02 14:00:00,0.0,0
6103,California,Tehama,2018-12-06 07:00:00,0.0,0
6103,California,Tehama,2020-07-01 16:00:00,0.0,0
6103,California,Tehama,2021-04-08 20:00:00,0.0,0
6103,California,Tehama,2017-03-18 11:00:00,0.0,0
6103,California,Tehama,2021-05-06 22:00:00,0.0,0
6103,California,Tehama,2016-04-23 16:00:00,0.0,0
6103,California,Tehama,2017-05-29 23:00:00,0.0,0
6103,California,Tehama,2016-09-11 00:00:00,0.0,0
6103,California,Tehama,2014-01-15 11:00:00,0.0,0
6103,California,Tehama,2023-06-12 19:00:00,0.0,0
6105,California,Trinity,2018-05-21 19:00:00,0.0,0
6105,California,Trinity,2022-02-18 09:00:00,0.0,0
6105,California,Trinity,2021-10-04 01:00:00,0.0,0
6105,California,Trinity,2022-02-21 07:00:00,0.0,0
6105,California,Trinity,2015-03-17 12:00:00,0.0,0
6105,California,Trinity,2018-11-06 19:00:00,0.0,0
6105,California,Trinity,2020-08-03 12:00:00,0.0,0
6105,California,Trinity,2023-12-29 03:00:00,0.0,0
6105,California,Trinity,2023-08-28 17:00:00,0.0,0
6105,California,Trinity,2022-07-01 04:00:00,0.0,0
6107,California,Tulare,2020-08-03 08:00:00,0.0,0
6107,California,Tulare,2023-04-28 14:00:00,0.0,0
6107,California,Tulare,2019-11-08 19:00:00,0.0,0
6107,California,Tulare,2020-05-21 04:00:00,0.0,0
6107,California,Tulare,2014-11-06 21:00:00,0.0,0
6107,California,Tulare,2020-10-20 07:00:00,0.0,0
6107,California,Tulare,2014-09-11 12:00:00,0.0,0
6107,California,Tulare,2016-06-03 02:00:00,0.0,0
6107,California,Tulare,2018-03-29 01:00:00,0.0,0
6107,California,Tulare,2015-08-13 16:00:00,0.0,0
6109,California,Tuolumne,2015-02-15 05:00:00,0.0,0
6109,California,Tuolumne,2018-01-21 11:00:00,0.0,0
6109,California,Tuolumne,2020-06-10 22:00:00,0.0,0
6109,California,Tuolumne,2014-10-20 16:00:00,0.0,0
6109,California,Tuolumne,2021-04-07 15:00:00,0.0,0
6109,California,Tuolumne,2020-06-10 17:00:00,0.0,0
6109,California,Tuolumne,2018-12-18 20:00:00,0.0,0
6109,California,Tuolumne,2015-06-12 10:00:00,0.0,0
6109,California,Tuolumne,2020-03-29 09:00:00,0.0,0
6109,California,Tuolumne,2015-06-19 11:00:00,0.0,0
6111,California,Ventura,2023-05-07 02:00:00,0.0,0
6111,California,Ventura,2015-11-25 02:00:00,0.0,0
6111,California,Ventura,2015-10-25 13:00:00,0.0,0
6111,California,Ventura,2022-03-21 04:00:00,0.0,0
6111,California,Ventura,2020-08-30 05:00:00,0.0,0
6111,California,Ventura,2014-09-15 07:00:00,0.0,0
6111,California,Ventura,2015-10-02 21:00:00,0.0,0
6111,California,Ventura,2014-09-21 22:00:00,0.0,0
6111,California,Ventura,2017-06-02 05:00:00,0.0,0
6111,California,Ventura,2014-09-06 01:00:00,0.0,0
6113,California,Yolo,2017-04-06 04:00:00,0.0,0
6113,California,Yolo,2017-09-07 18:00:00,0.0,0
6113,California,Yolo,2014-03-02 18:00:00,0.0,0
6113,California,Yolo,2023-08-01 13:00:00,0.0,0
6113,California,Yolo,2019-09-24 05:00:00,0.0,0
6113,California,Yolo,2023-09-13 03:00:00,0.0,0
6113,California,Yolo,2016-07-13 09:00:00,0.0,0
6113,California,Yolo,2016-09-04 12:00:00,0.0,0
6113,California,Yolo,2020-06-08 06:00:00,0.0,0
6113,California,Yolo,2021-08-25 14:00:00,0.0,0
6115,California,Yuba,2022-04-23 16:00:00,0.0,0
6115,California,Yuba,2016-03-10 07:00:00,0.0,0
6115,California,Yuba,2019-03-11 04:00:00,0.0,0
6115,California,Yuba,2021-11-02 15:00:00,0.0,0
6115,California,Yuba,2019-04-09 21:00:00,0.0,0
6115,California,Yuba,2019-07-30 00:00:00,0.0,0
6115,California,Yuba,2016-11-05 02:00:00,0.0,0
6115,California,Yuba,2020-01-28 06:00:00,0.0,0
6115,California,Yuba,2019-06-21 12:00:00,0.0,0
6115,California,Yuba,2018-12-15 11:00:00,0.0,0
8001,Colorado,Adams,2021-12-15 10:00:00,0.0,0
8001,Colorado,Adams,2014-06-24 17:00:00,0.0,0
8001,Colorado,Adams,2017-08-28 11:00:00,0.0,0
8001,Colorado,Adams,2016-12-10 21:00:00,0.0,0
8001,Colorado,Adams,2021-01-24 12:00:00,0.0,0
8001,Colorado,Adams,2018-11-08 16:00:00,0.0,0
8001,Colorado,Adams,2016-10-01 16:00:00,0.0,0
8001,Colorado,Adams,2023-12-10 07:00:00,0.0,0
8001,Colorado,Adams,2016-03-02 11:00:00,0.0,0
8001,Colorado,Adams,2023-06-25 23:00:00,0.0,0
8005,Colorado,Arapahoe,2020-06-29 00:00:00,0.0,0
8005,Colorado,Arapahoe,2015-11-11 18:00:00,0.0,0
8005,Colorado,Arapahoe,2018-01-16 06:00:00,0.0,0
8005,Colorado,Arapahoe,2019-02-20 09:00:00,0.0,0
8005,Colorado,Arapahoe,2015-05-29 18:00:00,0.0,0
8005,Colorado,Arapahoe,2023-02-11 04:00:00,0.0,0
8005,Colorado,Arapahoe,2015-09-29 03:00:00,0.0,0
8005,Colorado,Arapahoe,2014-12-13 07:00:00,0.0,0
8005,Colorado,Arapahoe,2023-03-10 18:00:00,0.0,0
8005,Colorado,Arapahoe,2023-07-07 23:00:00,0.0,0
8007,Colorado,Archuleta,2021-12-15 10:00:00,0.0,0
8007,Colorado,Archuleta,2014-06-24 17:00:00,0.0,0
8007,Colorado,Archuleta,2017-08-28 11:00:00,0.0,0
8007,Colorado,Archuleta,2016-12-10 21:00:00,0.0,0
8007,Colorado,Archuleta,2021-01-24 12:00:00,0.0,0
8007,Colorado,Archuleta,2018-11-08 16:00:00,0.0,0
8007,Colorado,Archuleta,2016-10-01 16:00:00,0.0,0
8007,Colorado,Archuleta,2023-12-10 07:00:00,0.0,0
8007,Colorado,Archuleta,2016-03-02 11:00:00,0.0,0
8007,Colorado,Archuleta,2023-06-25 23:00:00,0.0,0
8013,Colorado,Boulder,2015-09-06 05:00:00,0.0,0
8013,Colorado,Boulder,2022-02-06 01:00:00,0.0,0
8013,Colorado,Boulder,2022-05-03 11:00:00,0.0,0
8013,Colorado,Boulder,2023-11-23 06:00:00,0.0,0
8013,Colorado,Boulder,2018-09-27 20:00:00,0.0,0
8013,Colorado,Boulder,2021-04-14 05:00:00,0.0,0
8013,Colorado,Boulder,2016-07-17 14:00:00,0.0,0
8013,Colorado,Boulder,2018-04-18 12:00:00,0.0,0
8013,Colorado,Boulder,2018-11-13 09:00:00,0.0,0
8013,Colorado,Boulder,2015-06-15 08:00:00,0.0,0
8014,Colorado,Broomfield,2020-01-19 21:00:00,0.0,0
8014,Colorado,Broomfield,2019-01-29 01:00:00,0.0,0
8014,Colorado,Broomfield,2014-09-18 13:00:00,0.0,0
8014,Colorado,Broomfield,2019-09-29 04:00:00,0.0,0
8014,Colorado,Broomfield,2019-08-04 03:00:00,0.0,0
8014,Colorado,Broomfield,2015-08-14 07:00:00,0.0,0
8014,Colorado,Broomfield,2015-07-26 18:00:00,0.0,0
8014,Colorado,Broomfield,2022-07-20 00:00:00,0.0,0
8014,Colorado,Broomfield,2019-08-24 11:00:00,0.0,0
8014,Colorado,Broomfield,2017-06-15 18:00:00,0.0,0
8017,Colorado,Cheyenne,2021-12-15 10:00:00,0.0,0
8017,Colorado,Cheyenne,2014-06-24 17:00:00,0.0,0
8017,Colorado,Cheyenne,2017-08-28 11:00:00,0.0,0
8017,Colorado,Cheyenne,2016-12-10 21:00:00,0.0,0
8017,Colorado,Cheyenne,2021-01-24 12:00:00,0.0,0
8017,Colorado,Cheyenne,2018-11-08 16:00:00,0.0,0
8017,Colorado,Cheyenne,2016-10-01 16:00:00,0.0,0
8017,Colorado,Cheyenne,2023-12-10 07:00:00,0.0,0
8017,Colorado,Cheyenne,2016-03-02 11:00:00,0.0,0
8017,Colorado,Cheyenne,2023-06-25 23:00:00,0.0,0
8019,Colorado,Clear Creek,2016-08-13 06:00:00,0.0,0
8019,Colorado,Clear Creek,2020-03-24 01:00:00,0.0,0
8019,Colorado,Clear Creek,2014-09-18 13:00:00,0.0,0
8019,Colorado,Clear Creek,2015-06-03 18:00:00,0.0,0
8019,Colorado,Clear Creek,2021-08-13 00:00:00,0.0,0
8019,Colorado,Clear Creek,2015-08-26 04:00:00,0.0,0
8019,Colorado,Clear Creek,2023-05-31 17:00:00,0.0,0
8019,Colorado,Clear Creek,2022-03-19 10:00:00,0.0,0
8019,Colorado,Clear Creek,2021-06-23 01:00:00,0.0,0
8019,Colorado,Clear Creek,2021-06-22 04:00:00,0.0,0
8023,Colorado,Costilla,2015-09-06 05:00:00,0.0,0
8023,Colorado,Costilla,2017-03-25 07:00:00,0.0,0
8023,Colorado,Costilla,2018-07-06 09:00:00,0.0,0
8023,Colorado,Costilla,2023-11-23 06:00:00,0.0,0
8023,Colorado,Costilla,2018-09-23 18:00:00,0.0,0
8023,Colorado,Costilla,2018-03-15 16:00:00,0.0,0
8023,Colorado,Costilla,2016-07-13 13:00:00,0.0,0
8023,Colorado,Costilla,2021-02-23 06:00:00,0.0,0
8023,Colorado,Costilla,2020-05-14 16:00:00,0.0,0
8023,Colorado,Costilla,2015-06-15 08:00:00,0.0,0
8031,Colorado,Denver,2020-10-14 08:00:00,0.0,0
8031,Colorado,Denver,2019-08-24 08:00:00,0.0,0
8031,Colorado,Denver,2022-11-28 08:00:00,0.0,0
8031,Colorado,Denver,2016-03-18 04:00:00,0.0,0
8031,Colorado,Denver,2020-06-11 21:00:00,0.0,0
8031,Colorado,Denver,2018-09-30 09:00:00,0.0,0
8031,Colorado,Denver,2020-05-19 01:00:00,0.0,0
8031,Colorado,Denver,2015-09-15 10:00:00,0.0,0
8031,Colorado,Denver,2023-03-02 13:00:00,0.0,0
8031,Colorado,Denver,2021-05-18 01:00:00,0.0,0
8035,Colorado,Douglas,2021-12-15 10:00:00,0.0,0
8035,Colorado,Douglas,2014-06-24 17:00:00,0.0,0
8035,Colorado,Douglas,2017-08-28 11:00:00,0.0,0
8035,Colorado,Douglas,2016-12-10 21:00:00,0.0,0
8035,Colorado,Douglas,2021-01-24 12:00:00,0.0,0
8035,Colorado,Douglas,2018-11-08 16:00:00,0.0,0
8035,Colorado,Douglas,2016-10-01 16:00:00,0.0,0
8035,Colorado,Douglas,2023-12-10 07:00:00,0.0,0
8035,Colorado,Douglas,2016-03-02 11:00:00,0.0,0
8035,Colorado,Douglas,2023-06-25 23:00:00,0.0,0
8039,Colorado,Elbert,2021-12-15 10:00:00,0.0,0
8039,Colorado,Elbert,2014-06-24 17:00:00,0.0,0
8039,Colorado,Elbert,2017-08-28 11:00:00,0.0,0
8039,Colorado,Elbert,2016-12-10 21:00:00,0.0,0
8039,Colorado,Elbert,2021-01-24 12:00:00,0.0,0
8039,Colorado,Elbert,2018-11-08 16:00:00,0.0,0
8039,Colorado,Elbert,2016-10-01 16:00:00,0.0,0
8039,Colorado,Elbert,2023-12-10 07:00:00,0.0,0
8039,Colorado,Elbert,2016-03-02 11:00:00,0.0,0
8039,Colorado,Elbert,2023-06-25 23:00:00,0.0,0
8041,Colorado,El Paso,2015-09-06 05:00:00,0.0,0
8041,Colorado,El Paso,2017-03-29 09:00:00,0.0,0
8041,Colorado,El Paso,2018-07-10 11:00:00,0.0,0
8041,Colorado,El Paso,2023-11-23 06:00:00,0.0,0
8041,Colorado,El Paso,2018-09-27 20:00:00,0.0,0
8041,Colorado,El Paso,2018-03-19 18:00:00,0.0,0
8041,Colorado,El Paso,2016-07-17 15:00:00,0.0,0
8041,Colorado,El Paso,2021-02-23 06:00:00,0.0,0
8041,Colorado,El Paso,2020-05-14 15:00:00,0.0,0
8041,Colorado,El Paso,2015-06-15 08:00:00,0.0,0
8047,Colorado,Gilpin,2021-12-15 10:00:00,0.0,0
8047,Colorado,Gilpin,2014-06-24 17:00:00,0.0,0
8047,Colorado,Gilpin,2017-08-28 11:00:00,0.0,0
8047,Colorado,Gilpin,2016-12-10 21:00:00,0.0,0
8047,Colorado,Gilpin,2021-01-24 12:00:00,0.0,0
8047,Colorado,Gilpin,2018-11-08 16:00:00,0.0,0
8047,Colorado,Gilpin,2016-10-01 16:00:00,0.0,0
8047,Colorado,Gilpin,2023-12-10 07:00:00,0.0,0
8047,Colorado,Gilpin,2016-03-02 11:00:00,0.0,0
8047,Colorado,Gilpin,2023-06-25 23:00:00,0.0,0
8059,Colorado,Jefferson,2015-09-06 05:00:00,0.0,0
8059,Colorado,Jefferson,2022-02-06 01:00:00,0.0,0
8059,Colorado,Jefferson,2022-05-03 11:00:00,0.0,0
8059,Colorado,Jefferson,2023-11-23 06:00:00,0.0,0
8059,Colorado,Jefferson,2018-09-27 20:00:00,0.0,0
8059,Colorado,Jefferson,2021-04-14 05:00:00,0.0,0
8059,Colorado,Jefferson,2016-07-17 14:00:00,0.0,0
8059,Colorado,Jefferson,2018-04-18 12:00:00,0.0,0
8059,Colorado,Jefferson,2018-11-13 09:00:00,0.0,0
8059,Colorado,Jefferson,2015-06-15 08:00:00,0.0,0
8063,Colorado,Kit Carson,2015-09-06 05:00:00,0.0,0
8063,Colorado,Kit Carson,2022-02-06 01:00:00,0.0,0
8063,Colorado,Kit Carson,2022-05-03 11:00:00,0.0,0
8063,Colorado,Kit Carson,2023-11-23 06:00:00,0.0,0
8063,Colorado,Kit Carson,2018-09-23 19:00:00,0.0,0
8063,Colorado,Kit Carson,2021-04-14 05:00:00,0.0,0
8063,Colorado,Kit Carson,2016-07-13 13:00:00,0.0,0
8063,Colorado,Kit Carson,2018-04-14 11:00:00,0.0,0
8063,Colorado,Kit Carson,2018-11-09 08:00:00,0.0,0
8063,Colorado,Kit Carson,2015-06-15 08:00:00,0.0,0
8069,Colorado,Larimer,2017-12-12 20:00:00,0.0,0
8069,Colorado,Larimer,2016-08-06 03:00:00,0.0,0
8069,Colorado,Larimer,2016-12-04 15:00:00,0.0,0
8069,Colorado,Larimer,2017-10-02 07:00:00,0.0,0
8069,Colorado,Larimer,2014-08-25 19:00:00,0.0,0
8069,Colorado,Larimer,2021-09-19 05:00:00,0.0,0
8069,Colorado,Larimer,2014-03-17 15:00:00,0.0,0
8069,Colorado,Larimer,2022-01-21 06:00:00,0.0,0
8069,Colorado,Larimer,2014-12-11 01:00:00,0.0,0
8069,Colorado,Larimer,2018-06-22 13:00:00,0.0,0
8073,Colorado,Lincoln,2021-12-15 10:00:00,0.0,0
8073,Colorado,Lincoln,2014-06-24 17:00:00,0.0,0
8073,Colorado,Lincoln,2017-08-28 11:00:00,0.0,0
8073,Colorado,Lincoln,2016-12-10 21:00:00,0.0,0
8073,Colorado,Lincoln,2021-01-24 12:00:00,0.0,0
8073,Colorado,Lincoln,2018-11-08 16:00:00,0.0,0
8073,Colorado,Lincoln,2016-10-01 16:00:00,0.0,0
8073,Colorado,Lincoln,2023-12-10 07:00:00,0.0,0
8073,Colorado,Lincoln,2016-03-02 11:00:00,0.0,0
8073,Colorado,Lincoln,2023-06-25 23:00:00,0.0,0
8075,Colorado,Logan,2020-01-19 21:00:00,0.0,0
8075,Colorado,Logan,2019-02-02 07:00:00,0.0,0
8075,Colorado,Logan,2014-09-18 13:00:00,0.0,0
8075,Colorado,Logan,2019-09-29 04:00:00,0.0,0
8075,Colorado,Logan,2019-08-04 03:00:00,0.0,0
8075,Colorado,Logan,2015-08-14 07:00:00,0.0,0
8075,Colorado,Logan,2015-07-26 18:00:00,0.0,0
8075,Colorado,Logan,2022-07-20 00:00:00,0.0,0
8075,Colorado,Logan,2019-08-24 11:00:00,0.0,0
8075,Colorado,Logan,2017-06-20 00:00:00,0.0,0
8077,Colorado,Mesa,2023-08-09 02:00:00,0.0,0
8077,Colorado,Mesa,2014-12-21 05:00:00,0.0,0
8077,Colorado,Mesa,2022-02-02 10:00:00,0.0,0
8077,Colorado,Mesa,2015-08-11 21:00:00,0.0,0
8077,Colorado,Mesa,2021-06-26 01:00:00,0.0,0
8077,Colorado,Mesa,2022-06-08 05:00:00,0.0,0
8077,Colorado,Mesa,2018-10-08 06:00:00,0.0,0
8077,Colorado,Mesa,2019-07-10 00:00:00,0.0,0
8077,Colorado,Mesa,2016-05-11 07:00:00,0.0,0
8077,Colorado,Mesa,2018-01-31 08:00:00,0.0,0
8087,Colorado,Morgan,2021-12-15 10:00:00,0.0,0
8087,Colorado,Morgan,2014-06-24 17:00:00,0.0,0
8087,Colorado,Morgan,2017-08-28 11:00:00,0.0,0
8087,Colorado,Morgan,2016-12-10 21:00:00,0.0,0
8087,Colorado,Morgan,2021-01-24 12:00:00,0.0,0
8087,Colorado,Morgan,2018-11-08 16:00:00,0.0,0
8087,Colorado,Morgan,2016-10-01 16:00:00,0.0,0
8087,Colorado,Morgan,2023-12-10 07:00:00,0.0,0
8087,Colorado,Morgan,2016-03-02 11:00:00,0.0,0
8087,Colorado,Morgan,2023-06-25 23:00:00,0.0,0
8089,Colorado,Otero,2015-09-06 05:00:00,0.0,0
8089,Colorado,Otero,2022-02-06 01:00:00,0.0,0
8089,Colorado,Otero,2022-05-03 11:00:00,0.0,0
8089,Colorado,Otero,2023-11-23 06:00:00,0.0,0
8089,Colorado,Otero,2018-09-23 19:00:00,0.0,0
8089,Colorado,Otero,2021-04-14 05:00:00,0.0,0
8089,Colorado,Otero,2016-07-13 13:00:00,0.0,0
8089,Colorado,Otero,2018-04-14 11:00:00,0.0,0
8089,Colorado,Otero,2018-11-09 08:00:00,0.0,0
8089,Colorado,Otero,2015-06-15 08:00:00,0.0,0
8097,Colorado,Pitkin,2021-12-15 10:00:00,0.0,0
8097,Colorado,Pitkin,2014-06-24 17:00:00,0.0,0
8097,Colorado,Pitkin,2017-08-28 11:00:00,0.0,0
8097,Colorado,Pitkin,2016-12-10 21:00:00,0.0,0
8097,Colorado,Pitkin,2021-01-24 12:00:00,0.0,0
8097,Colorado,Pitkin,2018-11-08 16:00:00,0.0,0
8097,Colorado,Pitkin,2016-10-01 16:00:00,0.0,0
8097,Colorado,Pitkin,2023-12-10 07:00:00,0.0,0
8097,Colorado,Pitkin,2016-03-02 11:00:00,0.0,0
8097,Colorado,Pitkin,2023-06-25 23:00:00,0.0,0
8101,Colorado,Pueblo,2021-12-15 10:00:00,0.0,0
8101,Colorado,Pueblo,2014-06-24 17:00:00,0.0,0
8101,Colorado,Pueblo,2017-08-28 11:00:00,0.0,0
8101,Colorado,Pueblo,2016-12-10 21:00:00,0.0,0
8101,Colorado,Pueblo,2021-01-24 12:00:00,0.0,0
8101,Colorado,Pueblo,2018-11-08 16:00:00,0.0,0
8101,Colorado,Pueblo,2016-10-01 16:00:00,0.0,0
8101,Colorado,Pueblo,2023-12-10 07:00:00,0.0,0
8101,Colorado,Pueblo,2016-03-02 11:00:00,0.0,0
8101,Colorado,Pueblo,2023-06-25 23:00:00,0.0,0
8117,Colorado,Summit,2021-12-15 10:00:00,0.0,0
8117,Colorado,Summit,2014-06-24 17:00:00,0.0,0
8117,Colorado,Summit,2017-08-28 11:00:00,0.0,0
8117,Colorado,Summit,2016-12-10 21:00:00,0.0,0
8117,Colorado,Summit,2021-01-24 12:00:00,0.0,0
8117,Colorado,Summit,2018-11-08 16:00:00,0.0,0
8117,Colorado,Summit,2016-10-01 16:00:00,0.0,0
8117,Colorado,Summit,2023-12-10 07:00:00,0.0,0
8117,Colorado,Summit,2016-03-02 11:00:00,0.0,0
8117,Colorado,Summit,2023-06-25 23:00:00,0.0,0
8119,Colorado,Teller,2021-12-15 10:00:00,0.0,0
8119,Colorado,Teller,2014-06-24 17:00:00,0.0,0
8119,Colorado,Teller,2017-08-28 11:00:00,0.0,0
8119,Colorado,Teller,2016-12-10 21:00:00,0.0,0
8119,Colorado,Teller,2021-01-24 12:00:00,0.0,0
8119,Colorado,Teller,2018-11-08 16:00:00,0.0,0
8119,Colorado,Teller,2016-10-01 16:00:00,0.0,0
8119,Colorado,Teller,2023-12-10 07:00:00,0.0,0
8119,Colorado,Teller,2016-03-02 11:00:00,0.0,0
8119,Colorado,Teller,2023-06-25 23:00:00,0.0,0
8123,Colorado,Weld,2017-10-12 11:00:00,0.0,0
8123,Colorado,Weld,2016-08-06 04:00:00,0.0,0
8123,Colorado,Weld,2017-01-14 18:00:00,0.0,0
8123,Colorado,Weld,2018-05-05 08:00:00,0.0,0
8123,Colorado,Weld,2014-08-25 19:00:00,0.0,0
8123,Colorado,Weld,2020-11-25 06:00:00,0.0,0
8123,Colorado,Weld,2014-03-17 15:00:00,0.0,0
8123,Colorado,Weld,2019-08-14 18:00:00,0.0,0
8123,Colorado,Weld,2014-12-11 01:00:00,0.0,0
8123,Colorado,Weld,2023-05-16 01:00:00,0.0,0
53001,Washington,Adams,2015-09-06 05:00:00,0.0,0
53001,Washington,Adams,2022-02-06 01:00:00,0.0,0
53001,Washington,Adams,2022-05-03 11:00:00,0.0,0
53001,Washington,Adams,2023-11-23 06:00:00,0.0,0
53001,Washington,Adams,2018-09-23 19:00:00,0.0,0
53001,Washington,Adams,2021-04-10 04:00:00,0.0,0
53001,Washington,Adams,2016-07-13 13:00:00,0.0,0
53001,Washington,Adams,2018-04-14 11:00:00,0.0,0
53001,Washington,Adams,2018-11-09 08:00:00,0.0,0
53001,Washington,Adams,2015-06-15 08:00:00,0.0,0
53003,Washington,Asotin,2018-11-06 18:00:00,0.0,0
53003,Washington,Asotin,2019-09-22 11:00:00,0.0,0
53003,Washington,Asotin,2022-06-12 10:00:00,0.0,0
53003,Washington,Asotin,2019-04-10 18:00:00,0.0,0
53003,Washington,Asotin,2019-03-28 02:00:00,0.0,0
53003,Washington,Asotin,2017-07-11 14:00:00,0.0,0
53003,Washington,Asotin,2015-10-22 07:00:00,0.0,0
53003,Washington,Asotin,2022-11-10 22:00:00,0.0,0
53003,Washington,Asotin,2017-01-16 18:00:00,0.0,0
53003,Washington,Asotin,2018-12-07 06:00:00,0.0,0
53005,Washington,Benton,2014-12-26 03:00:00,0.0,0
53005,Washington,Benton,2018-12-06 07:00:00,0.0,0
53005,Washington,Benton,2022-09-02 17:00:00,0.0,0
53005,Washington,Benton,2019-06-16 03:00:00,0.0,0
53005,Washington,Benton,2014-04-16 22:00:00,0.0,0
53005,Washington,Benton,2015-04-09 16:00:00,0.0,0
53005,Washington,Benton,2021-06-09 19:00:00,0.0,0
53005,Washington,Benton,2020-05-25 19:00:00,0.0,0
53005,Washington,Benton,2021-06-09 11:00:00,0.0,0
53005,Washington,Benton,2021-02-14 15:00:00,0.0,0
53009,Washington,Clallam,2022-09-10 14:00:00,0.0,0
53009,Washington,Clallam,2023-01-11 12:00:00,0.0,0
53009,Washington,Clallam,2019-05-20 12:00:00,0.0,0
53009,Washington,Clallam,2023-10-07 12:00:00,0.0,0
53009,Washington,Clallam,2015-08-10 21:00:00,0.0,0
53009,Washington,Clallam,2022-06-28 16:00:00,0.0,0
53009,Washington,Clallam,2017-12-04 14:00:00,0.0,0
53009,Washington,Clallam,2021-05-25 11:00:00,0.0,0
53009,Washington,Clallam,2014-07-27 07:00:00,0.0,0
53009,Washington,Clallam,2017-06-16 05:00:00,0.0,0
53011,Washington,Clark,2014-05-13 14:00:00,0.0,0
53011,Washington,Clark,2023-06-30 11:00:00,0.0,0
53011,Washington,Clark,2016-07-29 16:00:00,0.0,0
53011,Washington,Clark,2018-01-03 15:00:00,0.0,0
53011,Washington,Clark,2021-03-13 01:00:00,0.0,0
53011,Washington,Clark,2022-10-18 14:00:00,0.0,0
53011,Washington,Clark,2015-10-17 19:00:00,0.0,0
53011,Washington,Clark,2017-05-08 03:00:00,0.0,0
53011,Washington,Clark,2018-03-19 03:00:00,0.0,0
53011,Washington,Clark,2021-12-20 04:00:00,0.0,0
53013,Washington,Columbia,2015-09-06 05:00:00,0.0,0
53013,Washington,Columbia,2017-03-25 07:00:00,0.0,0
53013,Washington,Columbia,2018-07-06 09:00:00,0.0,0
53013,Washington,Columbia,2023-11-23 06:00:00,0.0,0
53013,Washington,Columbia,2018-09-23 18:00:00,0.0,0
53013,Washington,Columbia,2018-03-15 16:00:00,0.0,0
53013,Washington,Columbia,2016-07-13 13:00:00,0.0,0
53013,Washington,Columbia,2021-02-19 04:00:00,0.0,0
53013,Washington,Columbia,2020-05-10 13:00:00,0.0,0
53013,Washington,Columbia,2015-06-15 08:00:00,0.0,0
53015,Washington,Cowlitz,2021-12-15 10:00:00,0.0,0
53015,Washington,Cowlitz,2014-06-24 17:00:00,0.0,0
53015,Washington,Cowlitz,2017-08-28 11:00:00,0.0,0
53015,Washington,Cowlitz,2016-12-10 21:00:00,0.0,0
53015,Washington,Cowlitz,2021-01-24 12:00:00,0.0,0
53015,Washington,Cowlitz,2018-11-08 16:00:00,0.0,0
53015,Washington,Cowlitz,2016-10-01 16:00:00,0.0,0
53015,Washington,Cowlitz,2023-12-10 07:00:00,0.0,0
53015,Washington,Cowlitz,2016-03-02 11:00:00,0.0,0
53015,Washington,Cowlitz,2023-06-25 23:00:00,0.0,0
53017,Washington,Douglas,2016-09-10 19:00:00,0.0,0
53017,Washington,Douglas,2015-10-25 22:00:00,0.0,0
53017,Washington,Douglas,2018-12-09 04:00:00,0.0,0
53017,Washington,Douglas,2023-03-08 14:00:00,0.0,0
53017,Washington,Douglas,2019-02-01 03:00:00,0.0,0
53017,Washington,Douglas,2019-11-14 10:00:00,0.0,0
53017,Washington,Douglas,2017-03-18 16:00:00,0.0,0
53017,Washington,Douglas,2017-11-25 12:00:00,0.0,0
53017,Washington,Douglas,2017-02-06 06:00:00,0.0,0
53017,Washington,Douglas,2016-01-20 07:00:00,0.0,0
53019,Washington,Ferry,2021-01-11 02:00:00,0.0,0
53019,Washington,Ferry,2022-06-25 21:00:00,0.0,0
53019,Washington,Ferry,2023-03-11 14:00:00,0.0,0
53019,Washington,Ferry,2022-04-25 16:00:00,0.0,0
53019,Washington,Ferry,2022-09-15 19:00:00,0.0,0
53019,Washington,Ferry,2018-08-03 11:00:00,0.0,0
53019,Washington,Ferry,2016-03-12 21:00:00,0.0,0
53019,Washington,Ferry,2016-08-11 17:00:00,0.0,0
53019,Washington,Ferry,2020-02-26 04:00:00,0.0,0
53019,Washington,Ferry,2022-10-03 17:00:00,0.0,0
53023,Washington,Garfield,2015-09-06 05:00:00,0.0,0
53023,Washington,Garfield,2017-03-25 07:00:00,0.0,0
53023,Washington,Garfield,2018-07-06 09:00:00,0.0,0
53023,Washington,Garfield,2023-11-23 06:00:00,0.0,0
53023,Washington,Garfield,2018-09-23 18:00:00,0.0,0
53023,Washington,Garfield,2018-03-15 16:00:00,0.0,0
53023,Washington,Garfield,2016-07-13 13:00:00,0.0,0
53023,Washington,Garfield,2021-02-19 04:00:00,0.0,0
53023,Washington,Garfield,2020-05-10 13:00:00,0.0,0
53023,Washington,Garfield,2015-06-15 08:00:00,0.0,0
53025,Washington,Grant,2021-12-15 10:00:00,0.0,0
53025,Washington,Grant,2014-06-24 17:00:00,0.0,0
53025,Washington,Grant,2017-08-28 11:00:00,0.0,0
53025,Washington,Grant,2016-12-10 21:00:00,0.0,0
53025,Washington,Grant,2021-01-24 12:00:00,0.0,0
53025,Washington,Grant,2018-11-08 16:00:00,0.0,0
53025,Washington,Grant,2016-10-01 16:00:00,0.0,0
53025,Washington,Grant,2023-12-10 07:00:00,0.0,0
53025,Washington,Grant,2016-03-02 11:00:00,0.0,0
53025,Washington,Grant,2023-06-25 23:00:00,0.0,0
53029,Washington,Island,2021-08-18 17:00:00,0.0,0
53029,Washington,Island,2014-12-21 21:00:00,0.0,0
53029,Washington,Island,2014-01-16 13:00:00,0.0,0
53029,Washington,Island,2021-12-21 22:00:00,0.0,0
53029,Washington,Island,2015-04-17 02:00:00,0.0,0
53029,Washington,Island,2023-06-14 03:00:00,0.0,0
53029,Washington,Island,2020-01-25 10:00:00,0.0,0
53029,Washington,Island,2015-04-10 11:00:00,0.0,0
53029,Washington,Island,2020-06-15 15:00:00,0.0,0
53029,Washington,Island,2020-06-12 10:00:00,0.0,0
53031,Washington,Jefferson,2015-09-06 05:00:00,0.0,0
53031,Washington,Jefferson,2017-03-25 07:00:00,0.0,0
53031,Washington,Jefferson,2018-07-06 09:00:00,0.0,0
53031,Washington,Jefferson,2023-11-23 06:00:00,0.0,0
53031,Washington,Jefferson,2018-09-23 18:00:00,0.0,0
53031,Washington,Jefferson,2018-03-15 16:00:00,0.0,0
53031,Washington,Jefferson,2016-07-13 13:00:00,0.0,0
53031,Washington,Jefferson,2021-02-23 06:00:00,0.0,0
53031,Washington,Jefferson,2020-05-10 13:00:00,0.0,0
53031,Washington,Jefferson,2015-06-15 08:00:00,0.0,0
53033,Washington,King,2015-11-02 11:00:00,0.0,0
53033,Washington,King,2020-05-31 13:00:00,0.0,0
53033,Washington,King,2020-05-08 12:00:00,0.0,0
53033,Washington,King,2016-11-27 16:00:00,0.0,0
53033,Washington,King,2020-05-30 17:00:00,0.0,0
53033,Washington,King,2015-05-27 07:00:00,0.0,0
53033,Washington,King,2019-01-14 06:00:00,0.0,0
53033,Washington,King,2016-12-26 09:00:00,0.0,0
53033,Washington,King,2018-06-12 13:00:00,0.0,0
53033,Washington,King,2017-09-25 17:00:00,0.0,0
53035,Washington,Kitsap,2016-12-16 00:00:00,0.0,0
53035,Washington,Kitsap,2016-03-26 10:00:00,0.0,0
53035,Washington,Kitsap,2023-08-27 20:00:00,0.0,0
53035,Washington,Kitsap,2022-05-22 04:00:00,0.0,0
53035,Washington,Kitsap,2020-03-17 07:00:00,0.0,0
53035,Washington,Kitsap,2023-07-19 19:00:00,0.0,0
53035,Washington,Kitsap,2020-02-05 04:00:00,0.0,0
53035,Washington,Kitsap,2016-12-19 12:00:00,0.0,0
53035,Washington,Kitsap,2021-04-29 00:00:00,0.0,0
53035,Washington,Kitsap,2014-10-01 00:00:00,0.0,0
53037,Washington,Kittitas,2020-08-25 18:00:00,0.0,0
53037,Washington,Kittitas,2017-01-13 21:00:00,0.0,0
53037,Washington,Kittitas,2022-03-28 13:00:00,0.0,0
53037,Washington,Kittitas,2018-01-12 00:00:00,0.0,0
53037,Washington,Kittitas,2017-10-06 13:00:00,0.0,0
53037,Washington,Kittitas,2020-02-22 11:00:00,0.0,0
53037,Washington,Kittitas,2015-03-21 04:00:00,0.0,0
53037,Washington,Kittitas,2015-10-14 20:00:00,0.0,0
53037,Washington,Kittitas,2017-12-31 00:00:00,0.0,0
53037,Washington,Kittitas,2022-11-22 02:00:00,0.0,0
53041,Washington,Lewis,2019-03-06 03:00:00,0.0,0
53041,Washington,Lewis,2021-07-09 02:00:00,0.0,0
53041,Washington,Lewis,2017-05-10 13:00:00,0.0,0
53041,Washington,Lewis,2020-04-07 07:00:00,0.0,0
53041,Washington,Lewis,2016-02-24 13:00:00,0.0,0
53041,Washington,Lewis,2018-04-10 05:00:00,0.0,0
53041,Washington,Lewis,2023-09-29 11:00:00,0.0,0
53041,Washington,Lewis,2016-02-15 00:00:00,0.0,0
53041,Washington,Lewis,2015-10-24 21:00:00,0.0,0
53041,Washington,Lewis,2017-10-19 21:00:00,0.0,0
53043,Washington,Lincoln,2015-12-14 12:00:00,0.0,0
53043,Washington,Lincoln,2015-10-06 21:00:00,0.0,0
53043,Washington,Lincoln,2016-03-23 20:00:00,0.0,0
53043,Washington,Lincoln,2018-06-09 00:00:00,0.0,0
53043,Washington,Lincoln,2022-05-05 12:00:00,0.0,0
53043,Washington,Lincoln,2017-10-04 02:00:00,0.0,0
53043,Washington,Lincoln,2015-03-06 12:00:00,0.0,0
53043,Washington,Lincoln,2014-07-14 08:00:00,0.0,0
53043,Washington,Lincoln,2019-06-18 04:00:00,0.0,0
53043,Washington,Lincoln,2018-01-18 22:00:00,0.0,0
53045,Washington,Mason,2021-09-08 21:00:00,0.0,0
53045,Washington,Mason,2023-11-10 04:00:00,0.0,0
53045,Washington,Mason,2021-01-17 20:00:00,0.0,0
53045,Washington,Mason,2019-08-04 11:00:00,0.0,0
53045,Washington,Mason,2017-09-02 22:00:00,0.0,0
53045,Washington,Mason,2019-05-01 09:00:00,0.0,0
53045,Washington,Mason,2022-01-22 13:00:00,0.0,0
53045,Washington,Mason,2021-10-02 01:00:00,0.0,0
53045,Washington,Mason,2020-03-16 01:00:00,0.0,0
53045,Washington,Mason,2015-12-30 12:00:00,0.0,0
53047,Washington,Okanogan,2023-04-24 15:00:00,0.0,0
53047,Washington,Okanogan,2023-03-13 19:00:00,0.0,0
53047,Washington,Okanogan,2017-09-01 23:00:00,0.0,0
53047,Washington,Okanogan,2023-10-21 06:00:00,0.0,0
53047,Washington,Okanogan,2022-06-10 17:00:00,0.0,0
53047,Washington,Okanogan,2023-07-22 16:00:00,0.0,0
53047,Washington,Okanogan,2019-03-01 23:00:00,0.0,0
53047,Washington,Okanogan,2020-10-18 15:00:00,0.0,0
53047,Washington,Okanogan,2018-04-30 07:00:00,0.0,0
53047,Washington,Okanogan,2014-11-18 22:00:00,0.0,0
53051,Washington,Pend Oreille,2021-12-15 10:00:00,0.0,0
53051,Washington,Pend Oreille,2014-06-24 17:00:00,0.0,0
53051,Washington,Pend Oreille,2017-08-28 11:00:00,0.0,0
53051,Washington,Pend Oreille,2016-12-10 21:00:00,0.0,0
53051,Washington,Pend Oreille,2021-01-24 12:00:00,0.0,0
53051,Washington,Pend Oreille,2018-11-08 16:00:00,0.0,0
53051,Washington,Pend Oreille,2016-10-01 16:00:00,0.0,0
53051,Washington,Pend Oreille,2023-12-10 07:00:00,0.0,0
53051,Washington,Pend Oreille,2016-03-02 11:00:00,0.0,0
53051,Washington,Pend Oreille,2023-06-25 23:00:00,0.0,0
53053,Washington,Pierce,2020-01-07 23:00:00,0.0,0
53053,Washington,Pierce,2014-04-20 07:00:00,0.0,0
53053,Washington,Pierce,2018-01-17 20:00:00,0.0,0
53053,Washington,Pierce,2021-03-31 20:00:00,0.0,0
53053,Washington,Pierce,2020-04-02 08:00:00,0.0,0
53053,Washington,Pierce,2014-10-21 05:00:00,0.0,0
53053,Washington,Pierce,2020-02-25 06:00:00,0.0,0
53053,Washington,Pierce,2019-01-31 08:00:00,0.0,0
53053,Washington,Pierce,2014-07-31 05:00:00,0.0,0
53053,Washington,Pierce,2019-04-09 08:00:00,0.0,0
53055,Washington,San Juan,2019-02-10 17:00:00,0.0,0
53055,Washington,San Juan,2015-11-17 21:00:00,0.0,0
53055,Washington,San Juan,2015-11-01 15:00:00,0.0,0
53055,Washington,San Juan,2017-01-26 15:00:00,0.0,0
53055,Washington,San Juan,2023-05-08 00:00:00,0.0,0
53055,Washington,San Juan,2019-11-30 09:00:00,0.0,0
53055,Washington,San Juan,2016-03-18 07:00:00,0.0,0
53055,Washington,San Juan,2016-01-08 12:00:00,0.0,0
53055,Washington,San Juan,2020-01-30 13:00:00,0.0,0
53055,Washington,San Juan,2014-04-17 00:00:00,0.0,0
53057,Washington,Skagit,2020-03-11 15:00:00,0.0,0
53057,Washington,Skagit,2016-05-05 20:00:00,0.0,0
53057,Washington,Skagit,2020-12-23 16:00:00,0.0,0
53057,Washington,Skagit,2020-08-02 06:00:00,0.0,0
53057,Washington,Skagit,2017-01-02 00:00:00,0.0,0
53057,Washington,Skagit,2022-02-10 16:00:00,0.0,0
53057,Washington,Skagit,2021-04-10 07:00:00,0.0,0
53057,Washington,Skagit,2023-09-06 02:00:00,0.0,0
53057,Washington,Skagit,2014-12-20 20:00:00,0.0,0
53057,Washington,Skagit,2019-12-15 10:00:00,0.0,0
53061,Washington,Snohomish,2020-11-08 19:00:00,0.0,0
53061,Washington,Snohomish,2016-09-10 06:00:00,0.0,0
53061,Washington,Snohomish,2015-11-16 15:00:00,0.0,0
53061,Washington,Snohomish,2021-01-29 13:00:00,0.0,0
53061,Washington,Snohomish,2018-09-22 07:00:00,0.0,0
53061,Washington,Snohomish,2017-10-19 12:00:00,0.0,0
53061,Washington,Snohomish,2021-02-06 23:00:00,0.0,0
53061,Washington,Snohomish,2022-04-26 08:00:00,0.0,0
53061,Washington,Snohomish,2016-08-02 19:00:00,0.0,0
53061,Washington,Snohomish,2017-05-17 10:00:00,0.0,0
53063,Washington,Spokane,2020-11-22 04:00:00,0.0,0
53063,Washington,Spokane,2016-09-23 14:00:00,0.0,0
53063,Washington,Spokane,2015-11-25 20:00:00,0.0,0
53063,Washington,Spokane,2021-02-11 22:00:00,0.0,0
53063,Washington,Spokane,2018-10-05 15:00:00,0.0,0
53063,Washington,Spokane,2017-11-01 20:00:00,0.0,0
53063,Washington,Spokane,2021-02-24 16:00:00,0.0,0
53063,Washington,Spokane,2022-05-02 23:00:00,0.0,0
53063,Washington,Spokane,2016-08-16 03:00:00,0.0,0
53063,Washington,Spokane,2017-05-30 18:00:00,0.0,0
53065,Washington,Stevens,2018-11-09 06:00:00,0.0,0
53065,Washington,Stevens,2019-02-05 03:00:00,0.0,0
53065,Washington,Stevens,2018-07-16 12:00:00,0.0,0
53065,Washington,Stevens,2020-08-19 22:00:00,0.0,0
53065,Washington,Stevens,2021-09-03 04:00:00,0.0,0
53065,Washington,Stevens,2020-04-07 15:00:00,0.0,0
53065,Washington,Stevens,2016-03-10 03:00:00,0.0,0
53065,Washington,Stevens,2021-06-03 16:00:00,0.0,0
53065,Washington,Stevens,2022-12-17 00:00:00,0.0,0
53065,Washington,Stevens,2015-07-26 01:00:00,0.0,0
53067,Washington,Thurston,2016-08-23 12:00:00,0.0,0
53067,Washington,Thurston,2019-10-11 08:00:00,0.0,0
53067,Washington,Thurston,2018-01-31 09:00:00,0.0,0
53067,Washington,Thurston,2017-08-13 07:00:00,0.0,0
53067,Washington,Thurston,2021-02-15 14:00:00,0.0,0
53067,Washington,Thurston,2021-06-06 18:00:00,0.0,0
53067,Washington,Thurston,2023-05-30 18:00:00,0.0,0
53067,Washington,Thurston,2021-03-12 08:00:00,0.0,0
53067,Washington,Thurston,2023-04-05 01:00:00,0.0,0
53067,Washington,Thurston,2022-05-03 04:00:00,0.0,0
53071,Washington,Walla Walla,2021-12-29 01:00:00,0.0,0
53071,Washington,Walla Walla,2021-08-06 10:00:00,0.0,0
53071,Washington,Walla Walla,2018-03-27 10:00:00,0.0,0
53071,Washington,Walla Walla,2018-10-08 04:00:00,0.0,0
53071,Washington,Walla Walla,2021-07-03 05:00:00,0.0,0
53071,Washington,Walla Walla,2017-05-11 16:00:00,0.0,0
53071,Washington,Walla Walla,2020-03-13 10:00:00,0.0,0
53071,Washington,Walla Walla,2021-02-26 05:00:00,0.0,0
53071,Washington,Walla Walla,2021-11-27 05:00:00,0.0,0
53071,Washington,Walla Walla,2021-12-30 13:00:00,0.0,0
53073,Washington,Whatcom,2019-07-14 16:00:00,0.0,0
53073,Washington,Whatcom,2019-02-11 11:00:00,0.0,0
53073,Washington,Whatcom,2016-04-12 02:00:00,0.0,0
53073,Washington,Whatcom,2016-02-21 16:00:00,0.0,0
53073,Washington,Whatcom,2022-10-27 04:00:00,0.0,0
53073,Washington,Whatcom,2021-07-16 10:00:00,0.0,0
53073,Washington,Whatcom,2019-11-17 04:00:00,0.0,0
53073,Washington,Whatcom,2016-09-05 23:00:00,0.0,0
53073,Washington,Whatcom,2019-11-12 11:00:00,0.0,0
53073,Washington,Whatcom,2015-03-10 07:00:00,0.0,0
53075,Washington,Whitman,2022-12-14 03:00:00,0.0,0
53075,Washington,Whitman,2020-12-14 18:00:00,0.0,0
53075,Washington,Whitman,2023-02-07 01:00:00,0.0,0
53075,Washington,Whitman,2021-11-25 19:00:00,0.0,0
53075,Washington,Whitman,2022-01-24 18:00:00,0.0,0
53075,Washington,Whitman,2019-12-05 23:00:00,0.0,0
53075,Washington,Whitman,2020-12-05 03:00:00,0.0,0
53075,Washington,Whitman,2014-03-03 16:00:00,0.0,0
53075,Washington,Whitman,2015-01-10 15:00:00,0.0,0
53075,Washington,Whitman,2014-06-04 19:00:00,0.0,0
53077,Washington,Yakima,2023-11-19 01:00:00,0.0,0
53077,Washington,Yakima,2019-10-07 21:00:00,0.0,0
53077,Washington,Yakima,2017-12-13 06:00:00,0.0,0
53077,Washington,Yakima,2023-12-31 11:00:00,0.0,0
53077,Washington,Yakima,2014-12-03 21:00:00,0.0,0
53077,Washington,Yakima,2015-10-02 10:00:00,0.0,0
53077,Washington,Yakima,2016-07-05 20:00:00,0.0,0
53077,Washington,Yakima,2019-12-11 16:00:00,0.0,0
53077,Washington,Yakima,2020-12-05 05:00:00,0.0,0
53077,Washington,Yakima,2014-11-17 07:00:00,0.0,0
