component_id,component_type,specific_type,voltage,age,capacity,location_x,location_y,degree,from,to,length_km,centrality,age_factor,vulnerability
node_0,node,bus,230.0,7.800932022121826,,-89.08049094817781,42.56785460347372,4.0,,,,0.10513668430335096,0.16091286513292583,0.1218695385522234
node_1,node,bus,4.16,35.40362888980228,,-88.93309929540747,45.788227498598445,3.0,,,,0.0216710758377425,0.7302844512175833,0.23425508845169474
node_2,node,bus,230.0,9.091248360355031,,-112.25965335930343,44.97862337921012,6.0,,,,0.1372511967750063,0.18752872312580915,0.15233445468024714
node_3,node,bus,13.2,14.561457009902096,,-99.08329888147306,37.59415435917371,6.0,,,,0.25959309649785844,0.30036484888326864,0.27182462221348147
node_4,node,bus,4.16,22.803499210851797,,-103.0182894023785,32.01147156484524,2.0,,,,0.0,0.4703766655918787,0.1411129996775636
node_5,node,load,4.16,2.3225206359998865,30.76969774317048,-89.45512586827745,37.34162652192668,1.0,,,,0.0,0.04790753833122564,0.01437226149936769
node_6,node,bus,4.16,40.419867405823055,,-67.06207801552644,47.77325289408,4.0,,,,0.05522171831695641,0.8337563581017932,0.2887821102524074
node_7,node,bus,4.16,6.101911742238942,,-98.59085037562392,41.42159263629176,6.0,,,,0.1722915091962711,0.12586651164854587,0.15836400993195351
node_8,node,bus,0.48,33.1261142176991,,-109.47320110399899,46.82368964989077,5.0,,,,0.10348954396573444,0.683305268444149,0.2774342613092588
node_9,node,bus,69.0,48.47923138822793,,-113.90873266846837,38.12104670423871,2.0,,,,0.014991181657848324,1.0,0.31049382716049384
node_10,node,load,138.0,46.093711751155844,5.3361326005440555,-89.1260012713349,46.475856410263575,2.0,,,,0.006046863189720332,0.9507929567206101,0.2894706912489873
node_11,node,bus,0.48,13.567451588694796,,-101.67936261863107,32.80792793831834,2.0,,,,0.08906525573192241,0.279861111659236,0.1463040125101165
node_12,node,load,13.2,7.046211248738132,40.307652056947944,-92.43823501050508,31.74242823249714,3.0,,,,0.04159108087679516,0.1453449455976553,0.0727172402930532
node_13,node,bus,230.0,0.27610585618011996,,-113.07705910794965,43.53387446311978,3.0,,,,0.07043650793650794,0.0056953431041228495,0.05101415848679241
node_14,node,load,69.0,3.7022325867045183,18.564820698669358,-78.72377919884326,42.496172032983694,2.0,,,,0.034082892416225745,0.07636739446334376,0.046768243030361145
node_16,node,bus,138.0,3.177917514301182,,-105.14611850884106,39.95915504386139,1.0,,,,0.0,0.06555214311984464,0.01966564293595339
node_17,node,bus,13.2,44.36063712881633,,-86.74655171868721,42.51054828011354,5.0,,,,0.1540123456790123,0.9150441510421367,0.3823218872879496
node_18,node,bus,4.16,28.063859878474812,,-79.35289708298615,42.11787489335188,3.0,,,,0.028854875283446713,0.5788841752406471,0.1938636652706068
node_19,node,load,13.2,1.2709563372047594,6.286679922671918,-99.34753889848702,37.54558790516786,3.0,,,,0.09060846560846561,0.0262165117063589,0.0712908794378336
node_20,node,bus,69.0,45.37832369630465,,-94.48575853011783,32.54454354583184,3.0,,,,0.08173028470647518,0.9360363684999291,0.3380221098445113
node_21,node,bus,13.2,3.8489954914396494,,-111.27211007050265,43.13322732503317,2.0,,,,0.0,0.07939473009826409,0.023818419029479225
node_22,node,bus,4.16,31.67018782552117,,-76.51277722613499,47.312743656221755,4.0,,,,0.09858906525573191,0.6532733073241659,0.2649943378762621
node_23,node,load,138.0,26.967112095782536,40.564567603039066,-71.44646009060133,29.47768141326486,4.0,,,,0.10516502897455278,0.5562611312837539,0.24049385966731313
node_24,node,load,13.2,21.355389431312815,41.08272353020216,-111.3238902474835,27.64124618866424,3.0,,,,0.04845364071554548,0.440505940787223,0.16606933073704871
node_25,node,load,0.48,11.105390523536512,6.873402999350457,-99.95533981107326,37.257935261861576,3.0,,,,0.082010582010582,0.229075218511678,0.1261299729609108
node_26,node,bus,138.0,35.15094794475889,,-93.87256269539803,32.75687036849813,1.0,,,,0.0,0.7250723028850349,0.21752169086551046
node_27,node,bus,230.0,24.86242529461927,,-109.89306225047815,48.09873507861067,4.0,,,,0.22990992693373638,0.5128469363616301,0.3147910297621045
node_28,node,bus,13.2,25.133951161443076,,-88.42613996120619,25.88528673650879,2.0,,,,0.059744268077601415,0.5184478062403085,0.19735532952641355
node_29,node,bus,13.2,7.244743604561155,,-110.62628655998165,46.79838126319969,1.0,,,,0.0,0.14944014987664128,0.04483204496299238
line_0,line,overhead,,12.10276357557502,352.4609963326453,,,,node_0,node_23,19.720183855156712,0.06500996950504338,0.24964842116935662,0.12040150500433736
line_1,line,overhead,,36.41081743059298,215.50240972366396,,,,node_0,node_2,5.133932107851794,0.05847407928688718,0.7510601217872136,0.26624989203698507
line_2,line,overhead,,26.788734203737924,90.63039652448373,,,,node_0,node_17,12.853829359837446,0.07040229885057471,0.5525816609840674,0.21505610749062248
line_3,line,underground,,9.325925519992712,68.34881369964376,,,,node_0,node_24,6.755211266948849,0.07085092657752756,0.19236950036005107,0.10730649871228462
line_4,line,overhead,,0.8293914463928076,280.44187623467644,,,,node_1,node_13,13.712505055924508,0.05055418719211823,0.017108180609361028,0.040520385217291066
line_5,line,overhead,,8.718321450249572,360.92198214610966,,,,node_1,node_23,13.080869412984272,0.042138752052545164,0.1798362144076116,0.08344799075906509
line_6,line,overhead,,6.876047207299663,203.47985797261632,,,,node_1,node_21,18.76623478036632,0.0166256157635468,0.14183490559566406,0.05418840271318197
line_7,line,overhead,,43.86696766904905,166.07373247182002,,,,node_2,node_18,18.531525556431973,0.055143091719446376,0.9048610386942137,0.31005847581187657
line_8,line,overhead,,27.760040579973115,288.3427602602029,,,,node_2,node_3,16.43583290392371,0.07090663851747597,0.5726171761608003,0.22141979981047327
line_9,line,overhead,,44.860787897666334,455.18812572349873,,,,node_2,node_12,2.3155039722150343,0.03215458597231996,0.9253609558785156,0.3001164969441787
line_10,line,overhead,,17.460478730633046,376.68005549160773,,,,node_2,node_22,7.111080925449663,0.05182383298146845,0.3601640997731025,0.14432591301895864
line_11,line,underground,,38.99377729288119,338.9142407694295,,,,node_2,node_9,17.798185273169786,0.05603448275862069,0.8043398415419172,0.2805260903936096
line_12,line,overhead,,44.927709426353964,322.89307684681546,,,,node_3,node_20,3.6517599248449684,0.09300668543279379,0.9267413723325578,0.34312709150272297
line_13,line,overhead,,33.17508845540279,52.277712730798406,,,,node_3,node_23,2.478695085887626,0.10530143091719446,0.6843154791323405,0.2790056453817382
line_14,line,overhead,,34.59475988463466,343.3825667761702,,,,node_3,node_12,11.20030889264843,0.054187192118226604,0.7135995950017311,0.25201091298327793
line_15,line,overhead,,11.862454374840004,196.4298641716705,,,,node_3,node_29,14.387494816276948,0.06896551724137931,0.2446914696283846,0.1216833029574809
line_16,line,overhead,,42.4611705247089,345.9258015351545,,,,node_3,node_27,13.167841531420686,0.1599783016654938,0.8758631131066079,0.374743745097828
line_17,line,overhead,,18.385790152971676,169.34106545677645,,,,node_4,node_7,2.326657972647803,0.046798029556650245,0.3792508591098712,0.14653387842261653
line_18,line,overhead,,19.65488623333802,451.420949829701,,,,node_4,node_6,19.473705817672688,0.022167487684729065,0.40542899857341297,0.13714594095133423
line_19,line,overhead,,25.131854655259605,309.6067480818616,,,,node_5,node_25,15.998820419062143,0.06896551724137931,0.5184045607901758,0.20379723030601826
line_20,line,overhead,,36.12260576307526,176.3475630983851,,,,node_6,node_7,4.307238262061867,0.05341895378841191,0.7451150673945464,0.2609277878702522
line_21,line,overhead,,8.855533970352447,473.20636295881144,,,,node_6,node_22,13.086709770189772,0.06619164907342247,0.18266655053658318,0.10113411951237068
line_22,line,underground,,18.50793501277222,56.95547743799034,,,,node_6,node_18,18.339855609298745,0.030014074595355378,0.38177038873736036,0.13554096883795685
line_23,line,underground,,48.33274095218348,483.6289896901638,,,,node_7,node_8,8.84959089218763,0.06002814919071076,0.9969782846829535,0.34111318983838357
line_24,line,underground,,19.254886430096263,433.0115021825856,,,,node_7,node_14,6.241753395356921,0.07073070607553367,0.3971780467371822,0.16866490827402822
line_25,line,overhead,,27.840063122917506,471.2696483723514,,,,node_7,node_24,3.8051085603788035,0.05151008679333802,0.5742678323418681,0.20833741045789703
line_26,line,overhead,,4.8588246885384265,326.75325201462636,,,,node_7,node_27,11.616192816742617,0.1072982641332395,0.10022487051472274,0.10517624604768447
line_27,line,underground,,25.916482618186837,444.81788236757995,,,,node_8,node_18,3.2316382971122186,0.037538118695754165,0.5345893875801022,0.18665349936105857
line_28,line,overhead,,35.12420419935546,211.77101804888983,,,,node_8,node_10,14.091806949407726,0.04339666901243256,0.7245206492255686,0.24773386307637335
line_29,line,overhead,,40.50566973395904,440.18254336104667,,,,node_8,node_25,16.282542531831016,0.0606380483227774,0.8355262361646045,0.2931045046753255
line_30,line,underground,,25.07581473435998,409.23283053504883,,,,node_8,node_12,10.471176777788287,0.06006920009383062,0.517248603500943,0.19722302111596432
line_31,line,overhead,,39.789633471805054,450.50240381790485,,,,node_9,node_17,14.188354106525216,0.04084564860426929,0.8207562771192585,0.27481883715876604
line_32,line,overhead,,4.69909699204345,310.2260634482783,,,,node_10,node_24,7.823867576478908,0.036828524513253566,0.09693010506731173,0.05485899867947101
line_33,line,overhead,,27.13223173537883,178.94356345772798,,,,node_11,node_27,9.579161353582974,0.13772577996715926,0.559667118442956,0.26430818150989827
line_34,line,overhead,,1.8674094374607209,420.17025229684623,,,,node_11,node_19,1.0947548738114639,0.09708538587848933,0.03851978226523984,0.07951570479451447
line_35,line,overhead,,26.112163002740218,396.49709889437486,,,,node_13,node_17,2.9776799967117533,0.07422003284072251,0.5386257631361903,0.2135417519293628
line_36,line,overhead,,4.2673732496884,73.25677452587347,,,,node_13,node_22,12.646364278470505,0.0753489326765189,0.08802477117499502,0.07915168422606172
line_37,line,overhead,,31.871495074910328,376.7411001751977,,,,node_14,node_17,11.042384871397077,0.06169950738916257,0.6574257504142195,0.24041738029667964
line_38,line,underground,,16.1478236470623,407.83378764591663,,,,node_16,node_19,10.567856791873309,0.06896551724137931,0.3330874517739039,0.14820209760113667
line_39,line,overhead,,3.9228190671132976,61.40783453695588,,,,node_17,node_28,9.059942703759905,0.10857963875205254,0.08091751776547068,0.10028100245607798
line_40,line,underground,,34.798710304684896,234.02882498642145,,,,node_19,node_28,16.801612349988012,0.07163382594417077,0.7178065598031524,0.26548564610186526
line_41,line,overhead,,12.512144908229766,297.1519991177542,,,,node_20,node_22,3.550522332086178,0.05918074126202204,0.25809288946911924,0.11885438572415119
line_42,line,overhead,,13.996694847297142,479.68937629843737,,,,node_20,node_26,13.37384884599576,0.06896551724137931,0.28871527964644916,0.13489044596290026
line_43,line,overhead,,30.58603731171761,238.82002809250545,,,,node_21,node_23,11.309904023972313,0.05233990147783251,0.6309101121422632,0.22591096467716174
line_44,line,overhead,,37.892305523218454,56.47706988339014,,,,node_25,node_27,7.441467233699601,0.09207131128313392,0.7816193540646713,0.2989357241175951
